{
    "mean": {
        "0": [
            [
                0.9915555555555556,
                0.9355
            ],
            [
                0.9888888888888889,
                0.9335000000000001
            ],
            [
                0.9899444444444445,
                0.9400000000000001
            ],
            [
                0.9932222222222225,
                0.9425000000000001
            ]
        ],
        "1": [
            [
                0.9915,
                0.9560000000000001
            ],
            [
                0.9883888888888889,
                0.9400000000000001
            ],
            [
                0.9909444444444444,
                0.9494999999999999
            ],
            [
                0.9928333333333335,
                0.9490000000000001
            ]
        ],
        "2": [
            [
                0.9953888888888887,
                0.9644999999999999
            ],
            [
                0.992888888888889,
                0.9649999999999999
            ],
            [
                0.9941111111111111,
                0.966
            ],
            [
                0.9955555555555555,
                0.9724999999999999
            ]
        ],
        "3": [
            [
                0.9955555555555554,
                0.9800000000000001
            ],
            [
                0.9943333333333335,
                0.966
            ],
            [
                0.9941111111111111,
                0.9644999999999999
            ],
            [
                0.9966666666666665,
                0.9764999999999999
            ]
        ],
        "4": [
            [
                0.9945555555555556,
                0.969
            ],
            [
                0.9964444444444445,
                0.9744999999999999
            ],
            [
                0.9953333333333332,
                0.9744999999999999
            ],
            [
                0.9985555555555555,
                0.974
            ]
        ],
        "5": [
            [
                0.9984444444444444,
                0.978
            ],
            [
                0.9973888888888889,
                0.9739999999999999
            ],
            [
                0.9959444444444443,
                0.9765
            ],
            [
                0.9977777777777778,
                0.975
            ]
        ],
        "6": [
            [
                0.998111111111111,
                0.977
            ],
            [
                0.9977777777777778,
                0.9709999999999999
            ],
            [
                0.9963888888888889,
                0.9730000000000001
            ],
            [
                0.9983888888888888,
                0.9785
            ]
        ],
        "7": [
            [
                0.9972222222222221,
                0.97
            ],
            [
                0.9974999999999999,
                0.977
            ],
            [
                0.9957777777777777,
                0.9715
            ],
            [
                0.9970555555555555,
                0.9750000000000002
            ]
        ],
        "8": [
            [
                0.9968888888888889,
                0.9755
            ],
            [
                0.9970000000000001,
                0.9744999999999999
            ],
            [
                0.9971666666666665,
                0.9730000000000001
            ],
            [
                0.9977777777777778,
                0.9800000000000001
            ]
        ],
        "9": [
            [
                0.9963333333333333,
                0.9785
            ],
            [
                0.9963333333333333,
                0.9730000000000001
            ],
            [
                0.9967222222222221,
                0.976
            ],
            [
                0.9973888888888889,
                0.9765
            ]
        ],
        "10": [
            [
                0.9950555555555555,
                0.9715
            ],
            [
                0.9940555555555555,
                0.9709999999999999
            ],
            [
                0.9954999999999998,
                0.9690000000000001
            ],
            [
                0.9974999999999999,
                0.9735000000000001
            ]
        ],
        "11": [
            [
                0.9928333333333335,
                0.9579999999999999
            ],
            [
                0.9936666666666666,
                0.966
            ],
            [
                0.9940555555555557,
                0.9589999999999999
            ],
            [
                0.9967777777777778,
                0.9685
            ]
        ],
        "12": [
            [
                0.9914999999999999,
                0.958
            ],
            [
                0.9930555555555556,
                0.9545
            ],
            [
                0.9924444444444445,
                0.9455
            ],
            [
                0.9945,
                0.9504999999999999
            ]
        ]
    },
    "haddamard": {
        "0": [
            [
                0.5512777777777778,
                0.5155000000000001
            ],
            [
                0.5261666666666667,
                0.49400000000000005
            ],
            [
                0.5402222222222222,
                0.5005
            ],
            [
                0.5359999999999999,
                0.5075000000000001
            ]
        ],
        "1": [
            [
                0.5833333333333333,
                0.502
            ],
            [
                0.5485,
                0.501
            ],
            [
                0.5703333333333334,
                0.48200000000000004
            ],
            [
                0.5825555555555555,
                0.5065
            ]
        ],
        "2": [
            [
                0.5770555555555555,
                0.49449999999999994
            ],
            [
                0.542888888888889,
                0.5039999999999999
            ],
            [
                0.5727777777777778,
                0.5095
            ],
            [
                0.5814444444444444,
                0.5035000000000001
            ]
        ],
        "3": [
            [
                0.5838888888888889,
                0.503
            ],
            [
                0.5482777777777778,
                0.5035000000000001
            ],
            [
                0.5657222222222222,
                0.499
            ],
            [
                0.594111111111111,
                0.5130000000000001
            ]
        ],
        "4": [
            [
                0.5852777777777777,
                0.4995
            ],
            [
                0.5551666666666667,
                0.506
            ],
            [
                0.5872222222222223,
                0.5075000000000001
            ],
            [
                0.5845,
                0.5165
            ]
        ],
        "5": [
            [
                0.595111111111111,
                0.5125000000000001
            ],
            [
                0.5479999999999999,
                0.5065
            ],
            [
                0.5907777777777778,
                0.5085
            ],
            [
                0.5960555555555554,
                0.5130000000000001
            ]
        ],