{
    "mean": {
        "0": [
            [
                0.5,
                0.5
            ],
            [
                0.5,
                0.5
            ],
            [
                0.5,
                0.5
            ],
            [
                0.5,
                0.5
            ]
        ],
        "1": [
            [
                0.7496666666666666,
                0.6865000000000001
            ],
            [
                0.7077777777777778,
                0.651
            ],
            [
                0.853722222222222,
                0.7525
            ],
            [
                0.9317777777777778,
                0.8035
            ]
        ],
        "2": [
            [
                0.9915555555555556,
                0.943
            ],
            [
                0.99,
                0.9414999999999999
            ],
            [
                0.9905555555555556,
                0.9435
            ],
            [
                0.9917777777777778,
                0.942
            ]
        ],
        "3": [
            [
                0.9963333333333333,
                0.9774999999999998
            ],
            [
                0.9972222222222221,
                0.9809999999999999
            ],
            [
                0.9977222222222222,
                0.9790000000000001
            ],
            [
                0.9966111111111109,
                0.978
            ]
        ],
        "4": [
            [
                0.9978888888888889,
                0.9844999999999999
            ],
            [
                0.9970555555555556,
                0.9860000000000001
            ],
            [
                0.9976666666666667,
                0.9844999999999999
            ],
            [
                0.9982777777777777,
                0.984
            ]
        ],
        "5": [
            [
                0.9981111111111112,
                0.983
            ],
            [
                0.9982222222222221,
                0.9855
            ],
            [
                0.9988333333333334,
                0.9865
            ],
            [
                0.9993888888888888,
                0.9884999999999999
            ]
        ],
        "6": [
            [
                0.9988888888888889,
                0.985
            ],
            [
                0.9990555555555556,
                0.9889999999999999
            ],
            [
                0.9991111111111112,
                0.992
            ],
            [
                0.9994999999999999,
                0.9894999999999999
            ]
        ],
        "7": [
            [
                0.9977222222222222,
                0.9789999999999999
            ],
            [
                0.9991111111111112,
                0.9854999999999998
            ],
            [
                0.9986666666666666,
                0.9804999999999999
            ],
            [
                0.9993888888888888,
                0.9864999999999998
            ]
        ],
        "8": [
            [
                0.9985555555555555,
                0.9824999999999999
            ],
            [
                0.9976666666666667,
                0.9789999999999999
            ],
            [
                0.9981666666666665,
                0.976
            ],
            [
                0.9977777777777778,
                0.9799999999999999
            ]
        ],
        "9": [
            [
                0.9980555555555555,
                0.9719999999999999
            ],
            [
                0.9972777777777777,
                0.9770000000000001
            ],
            [
                0.9990555555555556,
                0.9795
            ],
            [
                0.9978333333333333,
                0.976
            ]
        ],
        "10": [
            [
                0.9968333333333332,
                0.968
            ],
            [
                0.9969999999999999,
                0.9700000000000001
            ],
            [
                0.999,
                0.9770000000000001
            ],
            [
                0.9970555555555555,
                0.9705
            ]
        ],
        "11": [
            [
                0.9958333333333332,
                0.9625
            ],
            [
                0.9965555555555555,
                0.9685
            ],
            [
                0.9974444444444444,
                0.9665000000000001
            ],
            [
                0.9968888888888889,
                0.9644999999999999
            ]
        ],
        "12": [
            [
                0.9945555555555557,
                0.9499999999999998
            ],
            [
                0.9951666666666666,
                0.9515
            ],
            [
                0.9940555555555555,
                0.9484999999999999
            ],
            [
                0.9938333333333332,
                0.9495000000000001
            ]
        ]
    },
    "haddamard": {
        "0": [
            [
                0.5518333333333334,
                0.536
            ],
            [
                0.5166666666666667,
                0.5115
            ],
            [
                0.5384999999999999,
                0.5295
            ],
            [
                0.6134444444444445,
                0.5835
            ]
        ],
        "1": [
            [
                0.5339444444444444,
                0.499
            ],
            [
                0.524611111111111,
                0.496
            ],
            [
                0.5399999999999999,
                0.5075000000000001
            ],
            [
                0.5327777777777778,
                0.507
            ]
        ],
        "2": [
            [
                0.5442777777777779,
                0.503
            ],
            [
                0.5176666666666666,
                0.49850000000000005
            ],
            [
                0.5410555555555556,
                0.5035000000000001
            ],
            [
                0.5440555555555556,
                0.5120000000000001
            ]
        ],
        "3": [
            [
                0.5556111111111111,
                0.497
            ],
            [
                0.5413888888888889,
                0.5075000000000001
            ],
            [
                0.5632777777777779,
                0.4965
            ],
            [
                0.5628333333333332,
                0.49849999999999994
            ]
        ],
        "4": [
            [
                0.5803888888888888,
                0.499
            ],
            [
                0.5594444444444444,
                0.5025000000000001
            ],
            [
                0.5857222222222223,
                0.5125
            ],
            [
                0.5861666666666667,
                0.5085
            ]
        ],
        "5": [
            [
                0.6026666666666667,
                0.49800000000000005
            ],
            [
                0.5863888888888888,
                0.512
            ],
            [
                0.5886666666666667,
                0.502
            ],
            [
                0.5998888888888889,
                0.5020000000000001
            ]
        ],
        "6": [
            [
                0.5907222222222223,
                0.49399999999999994
            ],
            [
                0.7017777777777778,
                0.5285
            ],
            [
                0.5991666666666666,
                0.5129999999999999
            ],
            [
                0.6079999999999999,
                0.526
            ]
        ],