{
    "mean": {
        "0": [
            [
                0.9863333333333333,
                0.9345000000000001
            ],
            [
                0.9905555555555555,
                0.9385
            ],
            [
                0.9841111111111112,
                0.9349999999999999
            ],
            [
                0.9854444444444443,
                0.9399999999999998
            ]
        ],
        "1": [
            [
                0.9804444444444446,
                0.9135
            ],
            [
                0.986,
                0.9155000000000001
            ],
            [
                0.9809999999999999,
                0.9109999999999999
            ],
            [
                0.9795555555555555,
                0.9055000000000002
            ]
        ],
        "2": [
            [
                0.9814444444444443,
                0.9195
            ],
            [
                0.9882222222222221,
                0.9285
            ],
            [
                0.9805555555555555,
                0.9200000000000002
            ],
            [
                0.9820555555555556,
                0.9230000000000003
            ]
        ],
        "3": [
            [
                0.9882222222222221,
                0.9380000000000001
            ],
            [
                0.9924444444444445,
                0.9504999999999999
            ],
            [
                0.9882222222222221,
                0.9480000000000001
            ],
            [
                0.9884999999999999,
                0.9469999999999998
            ]
        ],
        "4": [
            [
                0.9914444444444446,
                0.9640000000000001
            ],
            [
                0.994222222222222,
                0.9705
            ],
            [
                0.9945555555555557,
                0.9654999999999999
            ],
            [
                0.9925555555555556,
                0.968
            ]
        ],
        "5": [
            [
                0.9943888888888889,
                0.978
            ],
            [
                0.9957777777777777,
                0.9745000000000001
            ],
            [
                0.9961666666666666,
                0.976
            ],
            [
                0.9936666666666667,
                0.9764999999999999
            ]
        ],
        "6": [
            [
                0.9952777777777777,
                0.9709999999999999
            ],
            [
                0.9959444444444443,
                0.9760000000000002
            ],
            [
                0.9945555555555557,
                0.97
            ],
            [
                0.9947777777777779,
                0.9685
            ]
        ],
        "7": [
            [
                0.9952222222222222,
                0.9730000000000001
            ],
            [
                0.9962777777777777,
                0.9734999999999999
            ],
            [
                0.9937777777777779,
                0.969
            ],
            [
                0.9940000000000001,
                0.9695
            ]
        ],
        "8": [
            [
                0.9942777777777778,
                0.962
            ],
            [
                0.993888888888889,
                0.962
            ],
            [
                0.9947777777777779,
                0.9644999999999999
            ],
            [
                0.994,
                0.966
            ]
        ],
        "9": [
            [
                0.9940555555555557,
                0.959
            ],
            [
                0.992888888888889,
                0.953
            ],
            [
                0.9937222222222223,
                0.9570000000000001
            ],
            [
                0.9913333333333334,
                0.9540000000000001
            ]
        ],
        "10": [
            [
                0.9927777777777779,
                0.9505000000000001
            ],
            [
                0.992888888888889,
                0.9504999999999999
            ],
            [
                0.992,
                0.9524999999999999
            ],
            [
                0.9891111111111112,
                0.946
            ]
        ],
        "11": [
            [
                0.9912222222222222,
                0.9465
            ],
            [
                0.9909444444444444,
                0.9380000000000001
            ],
            [
                0.9912222222222222,
                0.946
            ],
            [
                0.9879444444444445,
                0.9440000000000002
            ]
        ],
        "12": [
            [
                0.9890555555555555,
                0.9244999999999999
            ],
            [
                0.9872222222222222,
                0.9179999999999999
            ],
            [
                0.9868333333333332,
                0.9175000000000001
            ],
            [
                0.9842222222222221,
                0.9164999999999999
            ]
        ]
    },
    "haddamard": {
        "0": [
            [
                0.5293888888888889,
                0.4965
            ],
            [
                0.5253888888888889,
                0.5000000000000001
            ],
            [
                0.5286666666666667,
                0.499
            ],
            [
                0.5453333333333333,
                0.49800000000000005
            ]
        ],
        "1": [
            [
                0.5694444444444444,
                0.492
            ],
            [
                0.5407222222222223,
                0.502
            ],
            [
                0.5824999999999999,
                0.5030000000000001
            ],
            [
                0.5824444444444444,
                0.516
            ]
        ],
        "2": [
            [
                0.5802777777777777,
                0.504
            ],
            [
                0.5488333333333333,
                0.503
            ],
            [
                0.5710555555555555,
                0.48649999999999993
            ],
            [
                0.5887222222222221,
                0.5165
            ]
        ],
        "3": [
            [
                0.5782222222222221,
                0.5039999999999999
            ],
            [
                0.5398888888888889,
                0.492
            ],
            [
                0.5688333333333333,
                0.5039999999999999
            ],
            [
                0.5804444444444444,
                0.5065
            ]
        ],
        "4": [
            [
                0.5713888888888888,
                0.4955
            ],
            [
                0.5510555555555556,
                0.502
            ],
            [
                0.5657777777777777,
                0.4955
            ],
            [
                0.5714444444444445,
                0.49450000000000005
            ]
        ],
        "5": [
            [
                0.5765,
                0.52
            ],
            [
                0.5405,
                0.5010000000000001
            ],
            [
                0.5661666666666666,
                0.501
            ],
            [
                0.5593888888888888,
                0.4925
            ]
        ],
        "6": [
            [
                0.5602777777777778,
                0.4995000000000001
            ],
            [
                0.5479999999999999,
                0.51
            ],
            [
                0.5595555555555556,
                0.5010000000000001
            ],
            [
                0.5678888888888889,
                0.5005
            ]
        ],