{
    "mean": {
        "0": [
            [
                0.9558333333333333,
                0.877
            ],
            [
                0.981166666666667,
                0.9029999999999999
            ],
            [
                0.9851666666666665,
                0.9039999999999999
            ],
            [
                0.9819444444444445,
                0.8935000000000001
            ]
        ],
        "1": [
            [
                0.9695,
                0.8795
            ],
            [
                0.9434999999999999,
                0.8680000000000001
            ],
            [
                0.9764444444444443,
                0.883
            ],
            [
                0.9762222222222222,
                0.8795
            ]
        ],
        "2": [
            [
                0.9756666666666668,
                0.8895000000000002
            ],
            [
                0.9732777777777779,
                0.899
            ],
            [
                0.9813333333333334,
                0.9055
            ],
            [
                0.9789999999999999,
                0.9019999999999999
            ]
        ],
        "3": [
            [
                0.9853333333333334,
                0.931
            ],
            [
                0.9853333333333334,
                0.932
            ],
            [
                0.987111111111111,
                0.9265000000000001
            ],
            [
                0.9902222222222223,
                0.9355
            ]
        ],
        "4": [
            [
                0.9902777777777778,
                0.9530000000000001
            ],
            [
                0.9935,
                0.9555
            ],
            [
                0.9893888888888889,
                0.9455
            ],
            [
                0.9914444444444444,
                0.9445
            ]
        ],
        "5": [
            [
                0.9908333333333335,
                0.9525
            ],
            [
                0.9931666666666669,
                0.9504999999999999
            ],
            [
                0.990777777777778,
                0.9489999999999998
            ],
            [
                0.992611111111111,
                0.9545
            ]
        ],
        "6": [
            [
                0.9902777777777778,
                0.954
            ],
            [
                0.9919444444444446,
                0.954
            ],
            [
                0.9911111111111112,
                0.9525
            ],
            [
                0.9938333333333332,
                0.9559999999999998
            ]
        ],
        "7": [
            [
                0.9913333333333334,
                0.9525
            ],
            [
                0.987611111111111,
                0.9475
            ],
            [
                0.9897222222222222,
                0.952
            ],
            [
                0.9929444444444444,
                0.95
            ]
        ],
        "8": [
            [
                0.9894444444444446,
                0.9475
            ],
            [
                0.9855,
                0.9339999999999999
            ],
            [
                0.9895555555555555,
                0.942
            ],
            [
                0.993111111111111,
                0.942
            ]
        ],
        "9": [
            [
                0.9878333333333333,
                0.9404999999999999
            ],
            [
                0.9884444444444445,
                0.9295
            ],
            [
                0.9873333333333333,
                0.9315
            ],
            [
                0.990777777777778,
                0.9289999999999999
            ]
        ],
        "10": [
            [
                0.9702777777777778,
                0.9165000000000001
            ],
            [
                0.9866111111111111,
                0.9180000000000001
            ],
            [
                0.9813888888888889,
                0.9145
            ],
            [
                0.9865,
                0.9219999999999999
            ]
        ],
        "11": [
            [
                0.9777777777777776,
                0.9110000000000001
            ],
            [
                0.9878333333333332,
                0.916
            ],
            [
                0.9881666666666666,
                0.9235
            ],
            [
                0.9845,
                0.9120000000000001
            ]
        ],
        "12": [
            [
                0.9546111111111111,
                0.8959999999999999
            ],
            [
                0.9811666666666665,
                0.9004999999999999
            ],
            [
                0.9648888888888889,
                0.8995
            ],
            [
                0.9806666666666667,
                0.9065000000000001
            ]
        ]
    },
    "haddamard": {
        "0": [
            [
                0.6,
                0.5325
            ],
            [
                0.557,
                0.5165
            ],
            [
                0.5529999999999999,
                0.5345
            ],
            [
                0.584388888888889,
                0.522
            ]
        ],
        "1": [
            [
                0.5776666666666666,
                0.502
            ],
            [
                0.552611111111111,
                0.5069999999999999
            ],
            [
                0.5913333333333333,
                0.517
            ],
            [
                0.5770555555555554,
                0.508
            ]
        ],
        "2": [
            [
                0.5718333333333334,
                0.49400000000000005
            ],
            [
                0.5519444444444443,
                0.5055
            ],
            [
                0.5735555555555556,
                0.5035000000000001
            ],
            [
                0.5737222222222222,
                0.501
            ]
        ],
        "3": [
            [
                0.5841111111111111,
                0.4995
            ],
            [
                0.5559444444444444,
                0.4965
            ],
            [
                0.5896666666666667,
                0.5055
            ],
            [
                0.5772777777777778,
                0.49049999999999994
            ]
        ],
        "4": [
            [
                0.5963333333333333,
                0.5109999999999999
            ],
            [
                0.5460555555555555,
                0.4875
            ],
            [
                0.606111111111111,
                0.5175
            ],
            [
                0.5830555555555555,
                0.49250000000000005
            ]
        ],
        "5": [
            [
                0.5852777777777777,
                0.5160000000000001
            ],
            [
                0.5455555555555556,
                0.4925
            ],
            [
                0.5915000000000001,
                0.506
            ],
            [
                0.596111111111111,
                0.5055
            ]
        ],
        "6": [
            [
                0.5826666666666667,
                0.5025000000000001
            ],
            [
                0.5410555555555556,
                0.49849999999999994
            ],
            [
                0.5885,
                0.5105
            ],
            [
                0.5837777777777777,
                0.5105
            ]
        ],