{
    "mean": {
        "0": [
            [
                0.998388888888889,
                0.9894999999999999
            ],
            [
                0.9996666666666666,
                0.9865
            ],
            [
                0.9998333333333334,
                0.9894999999999999
            ],
            [
                0.9993333333333334,
                0.9890000000000001
            ]
        ],
        "1": [
            [
                0.9984444444444444,
                0.9854999999999998
            ],
            [
                0.9988333333333334,
                0.9845
            ],
            [
                0.9991666666666668,
                0.9879999999999999
            ],
            [
                0.9993333333333334,
                0.9879999999999999
            ]
        ],
        "2": [
            [
                0.9990555555555556,
                0.9889999999999999
            ],
            [
                0.9994444444444446,
                0.9904999999999999
            ],
            [
                0.9996666666666666,
                0.99
            ],
            [
                0.9991111111111112,
                0.9865
            ]
        ],
        "3": [
            [
                0.999,
                0.9899999999999999
            ],
            [
                0.9989444444444444,
                0.9880000000000001
            ],
            [
                0.999388888888889,
                0.9935
            ],
            [
                0.9987777777777778,
                0.9864999999999998
            ]
        ],
        "4": [
            [
                0.9992777777777778,
                0.9894999999999999
            ],
            [
                0.9992222222222222,
                0.9869999999999999
            ],
            [
                0.9987222222222222,
                0.9869999999999999
            ],
            [
                0.9988333333333334,
                0.9904999999999999
            ]
        ],
        "5": [
            [
                0.999,
                0.9879999999999999
            ],
            [
                0.9982222222222223,
                0.984
            ],
            [
                0.9990555555555556,
                0.9915
            ],
            [
                0.9983333333333333,
                0.9844999999999999
            ]
        ],
        "6": [
            [
                0.9986666666666666,
                0.986
            ],
            [
                0.9986666666666666,
                0.984
            ],
            [
                0.9987222222222222,
                0.9879999999999999
            ],
            [
                0.9972222222222221,
                0.9824999999999999
            ]
        ],
        "7": [
            [
                0.9984444444444446,
                0.9814999999999998
            ],
            [
                0.9982222222222223,
                0.985
            ],
            [
                0.9983333333333333,
                0.9875
            ],
            [
                0.9977222222222222,
                0.983
            ]
        ],
        "8": [
            [
                0.9983333333333333,
                0.982
            ],
            [
                0.9984444444444444,
                0.985
            ],
            [
                0.9983333333333333,
                0.9875
            ],
            [
                0.9976666666666667,
                0.9879999999999999
            ]
        ],
        "9": [
            [
                0.9977777777777778,
                0.9854999999999998
            ],
            [
                0.9984444444444444,
                0.9789999999999999
            ],
            [
                0.9977222222222221,
                0.986
            ],
            [
                0.9971111111111111,
                0.9824999999999999
            ]
        ],
        "10": [
            [
                0.9979444444444445,
                0.9804999999999999
            ],
            [
                0.9990555555555556,
                0.984
            ],
            [
                0.9975555555555553,
                0.9814999999999999
            ],
            [
                0.9977222222222222,
                0.982
            ]
        ],
        "11": [
            [
                0.9976111111111111,
                0.9814999999999998
            ],
            [
                0.9990555555555556,
                0.9789999999999999
            ],
            [
                0.9966111111111109,
                0.9825000000000002
            ],
            [
                0.9957777777777777,
                0.975
            ]
        ],
        "12": [
            [
                0.9966666666666667,
                0.969
            ],
            [
                0.9963888888888889,
                0.968
            ],
            [
                0.995611111111111,
                0.9724999999999999
            ],
            [
                0.9946666666666667,
                0.9735000000000001
            ]
        ]
    },
    "haddamard": {
        "0": [
            [
                0.6943333333333334,
                0.6000000000000001
            ],
            [
                0.7006666666666667,
                0.607
            ],
            [
                0.6911666666666667,
                0.5994999999999999
            ],
            [
                0.7302222222222221,
                0.6075
            ]
        ],
        "1": [
            [
                0.9330555555555555,
                0.6039999999999999
            ],
            [
                0.9072777777777776,
                0.5660000000000001
            ],
            [
                0.799111111111111,
                0.557
            ],
            [
                0.9002777777777776,
                0.571
            ]
        ],
        "2": [
            [
                0.9478333333333333,
                0.5915
            ],
            [
                0.9531111111111112,
                0.609
            ],
            [
                0.952,
                0.5934999999999999
            ],
            [
                0.8853333333333332,
                0.577
            ]
        ],
        "3": [
            [
                0.908,
                0.5905
            ],
            [
                0.9453333333333334,
                0.579
            ],
            [
                0.9367222222222221,
                0.5924999999999999
            ],
            [
                0.8523333333333334,
                0.562
            ]
        ],
        "4": [
            [
                0.8840555555555556,
                0.575
            ],
            [
                0.9124444444444446,
                0.5939999999999999
            ],
            [
                0.9529444444444446,
                0.6074999999999999
            ],
            [
                0.9598333333333333,
                0.6035
            ]
        ],
        "5": [
            [
                0.9037777777777778,
                0.5890000000000001
            ],
            [
                0.9286666666666668,
                0.611
            ],
            [
                0.9392777777777777,
                0.598
            ],
            [
                0.9099444444444444,
                0.5945
            ]
        ],
        "6": [
            [
                0.828111111111111,
                0.5889999999999999
            ],
            [
                0.9328333333333333,
                0.611
            ],
            [
                0.9164444444444445,
                0.6115
            ],
            [
                0.8615,
                0.597
            ]
        ],