{
    "mean": {
        "0": [
            [
                0.9907777777777778,
                0.932
            ],
            [
                0.9899444444444445,
                0.9309999999999998
            ],
            [
                0.9904444444444446,
                0.9305
            ],
            [
                0.9929444444444446,
                0.9369999999999999
            ]
        ],
        "1": [
            [
                0.9925555555555556,
                0.9525
            ],
            [
                0.9919444444444444,
                0.9575000000000001
            ],
            [
                0.991611111111111,
                0.9424999999999999
            ],
            [
                0.9954444444444446,
                0.9489999999999998
            ]
        ],
        "2": [
            [
                0.9919444444444446,
                0.961
            ],
            [
                0.9938333333333332,
                0.9559999999999998
            ],
            [
                0.9942777777777776,
                0.9594999999999999
            ],
            [
                0.9962222222222221,
                0.9625
            ]
        ],
        "3": [
            [
                0.9941111111111113,
                0.9664999999999999
            ],
            [
                0.9952777777777777,
                0.9625
            ],
            [
                0.9961666666666666,
                0.9684999999999999
            ],
            [
                0.9967222222222223,
                0.9655000000000001
            ]
        ],
        "4": [
            [
                0.9954444444444442,
                0.9725000000000001
            ],
            [
                0.9962222222222221,
                0.9664999999999999
            ],
            [
                0.9962222222222221,
                0.9685
            ],
            [
                0.9968888888888887,
                0.968
            ]
        ],
        "5": [
            [
                0.994,
                0.9710000000000001
            ],
            [
                0.9967777777777777,
                0.9629999999999999
            ],
            [
                0.9969999999999999,
                0.9640000000000001
            ],
            [
                0.9958333333333336,
                0.9644999999999999
            ]
        ],
        "6": [
            [
                0.9947222222222221,
                0.9695
            ],
            [
                0.9958888888888888,
                0.962
            ],
            [
                0.9956666666666667,
                0.9555
            ],
            [
                0.9955555555555557,
                0.9640000000000001
            ]
        ],
        "7": [
            [
                0.9930000000000001,
                0.9639999999999999
            ],
            [
                0.9967777777777777,
                0.9654999999999999
            ],
            [
                0.9959444444444445,
                0.9584999999999999
            ],
            [
                0.9953888888888887,
                0.9664999999999999
            ]
        ],
        "8": [
            [
                0.9940555555555555,
                0.9685
            ],
            [
                0.9961666666666666,
                0.9650000000000001
            ],
            [
                0.9963888888888889,
                0.9624999999999998
            ],
            [
                0.9964444444444442,
                0.9695
            ]
        ],
        "9": [
            [
                0.991888888888889,
                0.9649999999999999
            ],
            [
                0.9956111111111111,
                0.9605
            ],
            [
                0.9962222222222223,
                0.9564999999999999
            ],
            [
                0.9942777777777779,
                0.9615
            ]
        ],
        "10": [
            [
                0.9901111111111112,
                0.9534999999999998
            ],
            [
                0.9938888888888888,
                0.9615
            ],
            [
                0.9948888888888888,
                0.9589999999999999
            ],
            [
                0.9936111111111112,
                0.9604999999999999
            ]
        ],
        "11": [
            [
                0.9878888888888889,
                0.9404999999999999
            ],
            [
                0.9922222222222222,
                0.9435
            ],
            [
                0.9931666666666666,
                0.9515
            ],
            [
                0.9929444444444446,
                0.945
            ]
        ],
        "12": [
            [
                0.9847777777777778,
                0.9200000000000002
            ],
            [
                0.9890555555555556,
                0.9259999999999999
            ],
            [
                0.9911666666666668,
                0.9265000000000001
            ],
            [
                0.9890000000000001,
                0.9240000000000002
            ]
        ]
    },
    "haddamard": {
        "0": [
            [
                0.5405,
                0.51
            ],
            [
                0.5269444444444444,
                0.501
            ],
            [
                0.5433888888888889,
                0.488
            ],
            [
                0.5382777777777779,
                0.5015000000000001
            ]
        ],
        "1": [
            [
                0.5816111111111111,
                0.5109999999999999
            ],
            [
                0.5499444444444445,
                0.5045
            ],
            [
                0.5605555555555556,
                0.489
            ],
            [
                0.5628333333333334,
                0.502
            ]
        ],
        "2": [
            [
                0.5751666666666667,
                0.49650000000000005
            ],
            [
                0.5567777777777778,
                0.5105000000000001
            ],
            [
                0.5714444444444446,
                0.49450000000000005
            ],
            [
                0.5816666666666668,
                0.49749999999999994
            ]
        ],
        "3": [
            [
                0.5836666666666667,
                0.5075000000000001
            ],
            [
                0.5507777777777778,
                0.506
            ],
            [
                0.5808333333333333,
                0.4995
            ],
            [
                0.5808333333333333,
                0.49899999999999994
            ]
        ],
        "4": [
            [
                0.5771666666666666,
                0.49499999999999994
            ],
            [
                0.5489999999999999,
                0.49750000000000005
            ],
            [
                0.5747777777777778,
                0.5
            ],
            [
                0.580388888888889,
                0.5015
            ]
        ],
        "5": [
            [
                0.562,
                0.4845
            ],
            [
                0.5591666666666667,
                0.5039999999999999
            ],
            [
                0.5783333333333334,
                0.49749999999999994
            ],
            [
                0.5768333333333333,
                0.5050000000000001
            ]
        ],