{
    "mean": {
        "0": [
            [
                0.990388888888889,
                0.946
            ],
            [
                0.9914444444444446,
                0.944
            ],
            [
                0.9907222222222222,
                0.9520000000000002
            ],
            [
                0.9886111111111111,
                0.9515
            ]
        ],
        "1": [
            [
                0.9783888888888889,
                0.9200000000000002
            ],
            [
                0.9835555555555555,
                0.9235
            ],
            [
                0.9868333333333332,
                0.9265000000000001
            ],
            [
                0.9795555555555555,
                0.9215
            ]
        ],
        "2": [
            [
                0.975,
                0.9155
            ],
            [
                0.9823333333333333,
                0.925
            ],
            [
                0.9812222222222223,
                0.9174999999999999
            ],
            [
                0.9795000000000001,
                0.9225
            ]
        ],
        "3": [
            [
                0.9694444444444444,
                0.907
            ],
            [
                0.9724999999999999,
                0.9065
            ],
            [
                0.9605,
                0.891
            ],
            [
                0.9752777777777777,
                0.908
            ]
        ],
        "4": [
            [
                0.9776666666666667,
                0.9164999999999999
            ],
            [
                0.9768888888888888,
                0.9129999999999999
            ],
            [
                0.9777777777777779,
                0.905
            ],
            [
                0.9768333333333332,
                0.9135
            ]
        ],
        "5": [
            [
                0.9643888888888889,
                0.9065
            ],
            [
                0.9738333333333333,
                0.906
            ],
            [
                0.9691111111111113,
                0.8915
            ],
            [
                0.9703333333333333,
                0.9025000000000001
            ]
        ],
        "6": [
            [
                0.9541666666666666,
                0.8785000000000001
            ],
            [
                0.9783888888888889,
                0.907
            ],
            [
                0.9788333333333334,
                0.8939999999999999
            ],
            [
                0.9766666666666666,
                0.9045
            ]
        ],
        "7": [
            [
                0.9694444444444443,
                0.8945000000000001
            ],
            [
                0.9493333333333333,
                0.8724999999999999
            ],
            [
                0.9757222222222222,
                0.89
            ],
            [
                0.9479444444444443,
                0.8699999999999999
            ]
        ],
        "8": [
            [
                0.9623333333333333,
                0.8835000000000001
            ],
            [
                0.9738888888888889,
                0.8975
            ],
            [
                0.9611666666666666,
                0.874
            ],
            [
                0.9622777777777778,
                0.8785000000000001
            ]
        ],
        "9": [
            [
                0.8507222222222222,
                0.771
            ],
            [
                0.9550555555555557,
                0.86
            ],
            [
                0.7701111111111111,
                0.709
            ],
            [
                0.9707222222222223,
                0.8664999999999999
            ]
        ],
        "10": [
            [
                0.6842777777777779,
                0.642
            ],
            [
                0.8190000000000002,
                0.7364999999999999
            ],
            [
                0.5654999999999999,
                0.556
            ],
            [
                0.9106666666666667,
                0.7979999999999999
            ]
        ],
        "11": [
            [
                0.5558333333333334,
                0.5430000000000001
            ],
            [
                0.5466111111111112,
                0.546
            ],
            [
                0.5507777777777778,
                0.542
            ],
            [
                0.5755,
                0.5455
            ]
        ],
        "12": [
            [
                0.5426666666666666,
                0.541
            ],
            [
                0.5323333333333334,
                0.5290000000000001
            ],
            [
                0.5337222222222222,
                0.5255000000000001
            ],
            [
                0.5416111111111112,
                0.5225000000000002
            ]
        ]
    },
    "haddamard": {
        "0": [
            [
                0.6415555555555554,
                0.578
            ],
            [
                0.6066111111111112,
                0.5589999999999999
            ],
            [
                0.6371666666666665,
                0.5785000000000001
            ],
            [
                0.6144444444444443,
                0.5649999999999998
            ]
        ],
        "1": [
            [
                0.5738333333333334,
                0.48649999999999993
            ],
            [
                0.5583888888888889,
                0.506
            ],
            [
                0.5930555555555554,
                0.509
            ],
            [
                0.6039999999999999,
                0.515
            ]
        ],
        "2": [
            [
                0.5782222222222224,
                0.5125
            ],
            [
                0.5674444444444444,
                0.5175000000000001
            ],
            [
                0.5841666666666666,
                0.5035000000000001
            ],
            [
                0.5932222222222221,
                0.5174999999999998
            ]
        ],
        "3": [
            [
                0.5685,
                0.49300000000000005
            ],
            [
                0.5570555555555556,
                0.5105
            ],
            [
                0.579,
                0.5119999999999999
            ],
            [
                0.5840555555555554,
                0.5005
            ]
        ],
        "4": [
            [
                0.579,
                0.5075000000000001
            ],
            [
                0.5516666666666666,
                0.515
            ],
            [
                0.572388888888889,
                0.5025000000000001
            ],
            [
                0.5718333333333334,
                0.5115000000000001
            ]
        ],
        "5": [
            [
                0.5533333333333333,
                0.497
            ],
            [
                0.5393888888888889,
                0.5015
            ],
            [
                0.5641111111111111,
                0.4955
            ],
            [
                0.5604444444444444,
                0.5095
            ]
        ],
        "6": [
            [
                0.5509999999999999,
                0.488
            ],
            [
                0.5221666666666666,
                0.49349999999999994
            ],
            [
                0.5486666666666666,
                0.4965
            ],
            [
                0.5540555555555555,
                0.4999999999999999
            ]
        ],