{
    "pooler": {
        "0": [
            [
                0.9967777777777778,
                0.9914999999999999
            ],
            [
                0.9986666666666666,
                0.9959999999999999
            ],
            [
                0.9990555555555556,
                0.9964999999999999
            ],
            [
                0.9987777777777778,
                0.9944999999999998
            ]
        ]
    },
    "cls": {
        "0": [
            [
                0.5,
                0.5
            ],
            [
                0.5,
                0.5
            ],
            [
                0.5,
                0.5
            ],
            [
                0.5,
                0.5
            ]
        ],
        "1": [
            [
                0.9987777777777778,
                0.9964999999999999
            ],
            [
                0.9987222222222222,
                0.9970000000000001
            ],
            [
                0.9998333333333334,
                0.998
            ],
            [
                0.9997222222222222,
                0.9984999999999999
            ]
        ],
        "2": [
            [
                0.9986666666666666,
                0.9955
            ],
            [
                0.9995555555555555,
                0.998
            ],
            [
                0.999388888888889,
                0.9959999999999999
            ],
            [
                0.9985555555555555,
                0.9949999999999999
            ]
        ],
        "3": [
            [
                0.9989444444444444,
                0.9969999999999999
            ],
            [
                0.9991111111111112,
                0.9979999999999999
            ],
            [
                0.9979444444444445,
                0.9939999999999998
            ],
            [
                0.9998333333333334,
                0.9974999999999999
            ]
        ],
        "4": [
            [
                0.9997777777777778,
                0.999
            ],
            [
                0.9994444444444446,
                0.9974999999999999
            ],
            [
                0.9997777777777778,
                0.9995
            ],
            [
                0.9998888888888888,
                0.9974999999999999
            ]
        ],
        "5": [
            [
                0.9997222222222222,
                0.9995
            ],
            [
                0.999611111111111,
                0.9979999999999999
            ],
            [
                0.9986666666666666,
                0.999
            ],
            [
                0.9996666666666666,
                0.9974999999999999
            ]
        ],
        "6": [
            [
                0.9987777777777778,
                0.9970000000000001
            ],
            [
                0.9986111111111111,
                0.9984999999999999
            ],
            [
                0.9999444444444444,
                0.999
            ],
            [
                0.9994444444444444,
                0.9984999999999999
            ]
        ],
        "7": [
            [
                0.9982777777777777,
                0.9975000000000002
            ],
            [
                0.9988333333333334,
                0.9975000000000002
            ],
            [
                0.9995,
                0.9984999999999999
            ],
            [
                0.9979999999999999,
                0.9974999999999999
            ]
        ],
        "8": [
            [
                0.9999444444444444,
                0.9994999999999999
            ],
            [
                0.9996111111111112,
                0.999
            ],
            [
                0.9992222222222222,
                0.9984999999999999
            ],
            [
                1.0,
                1.0
            ]
        ],
        "9": [
            [
                1.0,
                1.0
            ],
            [
                0.9998333333333334,
                0.999
            ],
            [
                0.9994444444444446,
                0.999
            ],
            [
                0.9987777777777778,
                0.9984999999999999
            ]
        ],
        "10": [
            [
                1.0,
                0.9995
            ],
            [
                0.9996666666666666,
                0.9984999999999999
            ],
            [
                1.0,
                1.0
            ],
            [
                1.0,
                1.0
            ]
        ],
        "11": [
            [
                0.9983333333333333,
                0.9965000000000002
            ],
            [
                0.9994444444444446,
                0.9984999999999999
            ],
            [
                0.9988888888888889,
                0.9970000000000001
            ],
            [
                0.9986666666666666,
                0.9969999999999999
            ]
        ],
        "12": [
            [
                0.9927777777777779,
                0.9870000000000001
            ],
            [
                0.9981666666666668,
                0.9965000000000002
            ],
            [
                0.9949999999999999,
                0.9919999999999998
            ],
            [
                0.999611111111111,
                0.9964999999999999
            ]
        ]
    },
    "mean": {
        "0": [
            [
                1.0,
                1.0
            ],
            [
                1.0,
                1.0
            ],
            [
                1.0,
                1.0
            ],
            [
                1.0,
                1.0
            ]
        ],
        "1": [
            [
                1.0,
                1.0
            ],
            [
                1.0,
                1.0
            ],
            [
                1.0,
                1.0
            ],
            [
                1.0,
                1.0
            ]
        ],
        "2": [
            [
                1.0,
                1.0
            ],
            [
                1.0,
                1.0
            ],
            [
                1.0,
                1.0
            ],
            [
                1.0,
                1.0
            ]
        ],
        "3": [
            [
                1.0,
                1.0
            ],
            [
                1.0,
                1.0
            ],
            [
                1.0,
                1.0
            ],
            [
                1.0,
                1.0
            ]
        ],
        "4": [
            [
                1.0,
                1.0
            ],
            [
                1.0,
                1.0
            ],
            [
                1.0,
                1.0
            ],
            [
                1.0,
                1.0
            ]
        ],
        "5": [
            [
                1.0,
                1.0
            ],
            [
                1.0,
                1.0
            ],
            [
                0.9998888888888888,
                0.9995
            ],
            [
                1.0,
                1.0
            ]
        ],
        "6": [
            [
                1.0,
                1.0
            ],
            [
                1.0,
                1.0
            ],
            [
                1.0,
                0.9994999999999999
            ],
            [
                1.0,
                1.0
            ]
        ],