{
    "mean": {
        "0": [
            [
                0.9998888888888888,
                0.9995
            ],
            [
                0.9982777777777777,
                0.998
            ],
            [
                0.9998333333333334,
                1.0
            ],
            [
                0.999611111111111,
                0.9995
            ]
        ],
        "1": [
            [
                1.0,
                1.0
            ],
            [
                1.0,
                1.0
            ],
            [
                1.0,
                1.0
            ],
            [
                0.9994999999999999,
                0.999
            ]
        ],
        "2": [
            [
                1.0,
                1.0
            ],
            [
                0.9994999999999999,
                0.9995
            ],
            [
                1.0,
                1.0
            ],
            [
                1.0,
                1.0
            ]
        ],
        "3": [
            [
                0.9999444444444444,
                1.0
            ],
            [
                0.9991111111111112,
                0.9974999999999999
            ],
            [
                1.0,
                1.0
            ],
            [
                0.9994999999999999,
                0.9995
            ]
        ],
        "4": [
            [
                0.9987222222222222,
                0.9970000000000001
            ],
            [
                0.999611111111111,
                0.9984999999999999
            ],
            [
                0.9997222222222222,
                0.999
            ],
            [
                0.9991666666666668,
                0.9974999999999999
            ]
        ],
        "5": [
            [
                0.9979444444444445,
                0.9949999999999999
            ],
            [
                0.9993333333333334,
                0.999
            ],
            [
                0.9996666666666666,
                0.999
            ],
            [
                0.9994999999999999,
                0.9984999999999999
            ]
        ],
        "6": [
            [
                1.0,
                0.9994999999999999
            ],
            [
                0.999611111111111,
                0.999
            ],
            [
                1.0,
                0.9974999999999999
            ],
            [
                0.9996666666666666,
                0.999
            ]
        ],
        "7": [
            [
                0.9988333333333334,
                0.9949999999999999
            ],
            [
                0.9997222222222222,
                0.9979999999999999
            ],
            [
                0.9999444444444444,
                0.9985000000000002
            ],
            [
                0.9987777777777778,
                0.9969999999999999
            ]
        ],
        "8": [
            [
                0.998,
                0.9959999999999999
            ],
            [
                0.9996666666666666,
                0.9974999999999999
            ],
            [
                0.9994444444444444,
                0.9964999999999999
            ],
            [
                0.9991666666666668,
                0.9970000000000001
            ]
        ],
        "9": [
            [
                0.9991111111111112,
                0.9959999999999999
            ],
            [
                0.9994444444444444,
                0.9970000000000001
            ],
            [
                0.9994444444444444,
                0.9945
            ],
            [
                0.9982777777777777,
                0.9935
            ]
        ],
        "10": [
            [
                0.9988333333333334,
                0.9930000000000001
            ],
            [
                0.9989444444444444,
                0.9940000000000001
            ],
            [
                0.9997777777777778,
                0.9955
            ],
            [
                0.9991666666666668,
                0.994
            ]
        ],
        "11": [
            [
                0.9992777777777778,
                0.99
            ],
            [
                0.9993333333333332,
                0.9949999999999999
            ],
            [
                0.9999444444444444,
                0.9945
            ],
            [
                0.9982777777777778,
                0.9885000000000002
            ]
        ],
        "12": [
            [
                0.9992222222222222,
                0.9934999999999998
            ],
            [
                0.9982222222222223,
                0.9924999999999999
            ],
            [
                0.9997777777777778,
                0.991
            ],
            [
                0.9969444444444445,
                0.9869999999999999
            ]
        ]
    },
    "haddamard": {
        "0": [
            [
                0.9213888888888888,
                0.9019999999999999
            ],
            [
                0.9171111111111111,
                0.9090000000000001
            ],
            [
                0.9388888888888889,
                0.9265000000000001
            ],
            [
                0.9258333333333333,
                0.9075000000000001
            ]
        ],
        "1": [
            [
                0.9758888888888888,
                0.8205
            ],
            [
                0.9756666666666668,
                0.8084999999999999
            ],
            [
                0.9776111111111112,
                0.8160000000000001
            ],
            [
                0.9779444444444445,
                0.8309999999999998
            ]
        ],
        "2": [
            [
                0.9761666666666666,
                0.843
            ],
            [
                0.9793333333333335,
                0.8440000000000001
            ],
            [
                0.9825555555555556,
                0.844
            ],
            [
                0.9770000000000001,
                0.8414999999999999
            ]
        ],
        "3": [
            [
                0.9727777777777777,
                0.8115
            ],
            [
                0.9705,
                0.8115
            ],
            [
                0.9787777777777779,
                0.8104999999999999
            ],
            [
                0.9803333333333335,
                0.8205
            ]
        ],
        "4": [
            [
                0.9685555555555556,
                0.7849999999999999
            ],
            [
                0.9687777777777777,
                0.7865
            ],
            [
                0.9746111111111111,
                0.7895
            ],
            [
                0.9755555555555555,
                0.8019999999999999
            ]
        ],
        "5": [
            [
                0.9693333333333332,
                0.797
            ],
            [
                0.9695555555555554,
                0.793
            ],
            [
                0.9748333333333333,
                0.7945
            ],
            [
                0.9716111111111111,
                0.7990000000000002
            ]
        ],
        "6": [
            [
                0.9663888888888887,
                0.7775
            ],
            [
                0.9675555555555556,
                0.7774999999999999
            ],
            [
                0.957388888888889,
                0.7745000000000001
            ],
            [
                0.9678888888888888,
                0.7935
            ]
        ],