{
    "mean": {
        "0": [
            [
                0.9939444444444444,
                0.95
            ],
            [
                0.9901666666666668,
                0.9414999999999999
            ],
            [
                0.99,
                0.9404999999999999
            ],
            [
                0.9895000000000002,
                0.9450000000000001
            ]
        ],
        "1": [
            [
                0.9907777777777778,
                0.9440000000000002
            ],
            [
                0.9906111111111111,
                0.9364999999999999
            ],
            [
                0.9919444444444446,
                0.9445
            ],
            [
                0.9890000000000001,
                0.9484999999999999
            ]
        ],
        "2": [
            [
                0.9952222222222222,
                0.9615
            ],
            [
                0.9928333333333335,
                0.9649999999999999
            ],
            [
                0.9941666666666666,
                0.958
            ],
            [
                0.9916666666666666,
                0.9644999999999999
            ]
        ],
        "3": [
            [
                0.9964444444444445,
                0.9715
            ],
            [
                0.9962222222222221,
                0.975
            ],
            [
                0.9967222222222221,
                0.9719999999999999
            ],
            [
                0.9963888888888889,
                0.9775
            ]
        ],
        "4": [
            [
                0.9988888888888889,
                0.9744999999999999
            ],
            [
                0.9972777777777777,
                0.97
            ],
            [
                0.9974999999999999,
                0.9734999999999999
            ],
            [
                0.9991666666666668,
                0.975
            ]
        ],
        "5": [
            [
                0.9976111111111111,
                0.9705
            ],
            [
                0.9984444444444446,
                0.976
            ],
            [
                0.9971666666666665,
                0.9709999999999999
            ],
            [
                0.998111111111111,
                0.9715
            ]
        ],
        "6": [
            [
                0.9970555555555556,
                0.97
            ],
            [
                0.9974999999999999,
                0.975
            ],
            [
                0.9974999999999999,
                0.9710000000000001
            ],
            [
                0.9988888888888889,
                0.9795
            ]
        ],
        "7": [
            [
                0.9968888888888887,
                0.9654999999999999
            ],
            [
                0.9982777777777777,
                0.9705
            ],
            [
                0.9977777777777778,
                0.9649999999999999
            ],
            [
                0.9970000000000001,
                0.9709999999999999
            ]
        ],
        "8": [
            [
                0.9969444444444443,
                0.97
            ],
            [
                0.9977222222222222,
                0.9705
            ],
            [
                0.9976111111111111,
                0.9620000000000001
            ],
            [
                0.9983333333333333,
                0.975
            ]
        ],
        "9": [
            [
                0.9971666666666665,
                0.9739999999999999
            ],
            [
                0.9984999999999999,
                0.9735000000000001
            ],
            [
                0.9983888888888888,
                0.9675
            ],
            [
                0.9976666666666667,
                0.9745000000000001
            ]
        ],
        "10": [
            [
                0.9964444444444445,
                0.97
            ],
            [
                0.9975555555555555,
                0.9605
            ],
            [
                0.9984444444444444,
                0.9644999999999999
            ],
            [
                0.9968888888888887,
                0.9709999999999999
            ]
        ],
        "11": [
            [
                0.9963888888888889,
                0.9564999999999999
            ],
            [
                0.9971111111111111,
                0.9545
            ],
            [
                0.9973888888888889,
                0.9514999999999999
            ],
            [
                0.9963333333333333,
                0.9570000000000001
            ]
        ],
        "12": [
            [
                0.9940555555555555,
                0.9514999999999999
            ],
            [
                0.9949999999999999,
                0.943
            ],
            [
                0.9957777777777777,
                0.9460000000000001
            ],
            [
                0.9947777777777776,
                0.951
            ]
        ]
    },
    "haddamard": {
        "0": [
            [
                0.5250555555555556,
                0.4795
            ],
            [
                0.5387222222222222,
                0.49899999999999994
            ],
            [
                0.5557222222222222,
                0.49700000000000005
            ],
            [
                0.5478888888888889,
                0.5035
            ]
        ],
        "1": [
            [
                0.6237777777777778,
                0.5145000000000001
            ],
            [
                0.5671666666666667,
                0.48999999999999994
            ],
            [
                0.6132222222222222,
                0.504
            ],
            [
                0.6226666666666667,
                0.5080000000000001
            ]
        ],
        "2": [
            [
                0.6340555555555555,
                0.5075000000000001
            ],
            [
                0.5715555555555556,
                0.495
            ],
            [
                0.6146666666666667,
                0.5050000000000001
            ],
            [
                0.6131666666666666,
                0.5025
            ]
        ],
        "3": [
            [
                0.6239444444444445,
                0.513
            ],
            [
                0.5757777777777777,
                0.5029999999999999
            ],
            [
                0.6361111111111111,
                0.5199999999999999
            ],
            [
                0.6151111111111112,
                0.5
            ]
        ],
        "4": [
            [
                0.6026111111111112,
                0.501
            ],
            [
                0.5655555555555556,
                0.5045000000000001
            ],
            [
                0.6143888888888889,
                0.49899999999999994
            ],
            [
                0.619,
                0.5125000000000001
            ]
        ],
        "5": [
            [
                0.6093333333333333,
                0.5109999999999999
            ],
            [
                0.5767777777777778,
                0.523
            ],
            [
                0.605388888888889,
                0.5025000000000001
            ],
            [
                0.6097222222222223,
                0.5119999999999999
            ]
        ],