{
    "mean": {
        "0": [
            [
                0.9946666666666666,
                0.9649999999999999
            ],
            [
                0.9932777777777776,
                0.9600000000000002
            ],
            [
                0.9941666666666666,
                0.9625
            ],
            [
                0.9976666666666667,
                0.9674999999999999
            ]
        ],
        "1": [
            [
                0.9966666666666665,
                0.9705
            ],
            [
                0.9969999999999999,
                0.9650000000000001
            ],
            [
                0.9955555555555555,
                0.968
            ],
            [
                0.9933888888888889,
                0.96
            ]
        ],
        "2": [
            [
                0.9964999999999998,
                0.9700000000000001
            ],
            [
                0.9972222222222221,
                0.9675
            ],
            [
                0.9967222222222221,
                0.97
            ],
            [
                0.9936666666666666,
                0.9629999999999999
            ]
        ],
        "3": [
            [
                0.998111111111111,
                0.9764999999999999
            ],
            [
                0.9974444444444444,
                0.975
            ],
            [
                0.9966111111111109,
                0.9734999999999999
            ],
            [
                0.9951666666666666,
                0.9695
            ]
        ],
        "4": [
            [
                0.9979999999999999,
                0.9824999999999999
            ],
            [
                0.9982777777777778,
                0.9789999999999999
            ],
            [
                0.9979444444444443,
                0.9814999999999999
            ],
            [
                0.9936666666666667,
                0.976
            ]
        ],
        "5": [
            [
                0.9969444444444443,
                0.984
            ],
            [
                0.9968888888888887,
                0.9804999999999998
            ],
            [
                0.9952777777777777,
                0.9814999999999999
            ],
            [
                0.9913333333333332,
                0.9784999999999998
            ]
        ],
        "6": [
            [
                0.9947222222222223,
                0.9819999999999999
            ],
            [
                0.9986111111111111,
                0.9789999999999999
            ],
            [
                0.9961666666666666,
                0.9809999999999999
            ],
            [
                0.9919444444444444,
                0.976
            ]
        ],
        "7": [
            [
                0.9924444444444444,
                0.9814999999999999
            ],
            [
                0.9988888888888889,
                0.9860000000000001
            ],
            [
                0.9932777777777778,
                0.9814999999999999
            ],
            [
                0.9904444444444443,
                0.9744999999999999
            ]
        ],
        "8": [
            [
                0.9916666666666666,
                0.9810000000000001
            ],
            [
                0.9967777777777778,
                0.9810000000000001
            ],
            [
                0.9926666666666666,
                0.9825000000000002
            ],
            [
                0.9882222222222221,
                0.9754999999999999
            ]
        ],
        "9": [
            [
                0.9901111111111109,
                0.9780000000000001
            ],
            [
                0.9977222222222222,
                0.9799999999999999
            ],
            [
                0.9927777777777779,
                0.9810000000000001
            ],
            [
                0.9887222222222223,
                0.9804999999999999
            ]
        ],
        "10": [
            [
                0.9955,
                0.9814999999999999
            ],
            [
                0.9972222222222223,
                0.9789999999999999
            ],
            [
                0.9949999999999999,
                0.9804999999999999
            ],
            [
                0.9925,
                0.9800000000000001
            ]
        ],
        "11": [
            [
                0.9928333333333335,
                0.9804999999999999
            ],
            [
                0.9976666666666667,
                0.9795
            ],
            [
                0.9952222222222222,
                0.9795
            ],
            [
                0.9946666666666666,
                0.9785
            ]
        ],
        "12": [
            [
                0.9948333333333332,
                0.982
            ],
            [
                0.9941111111111111,
                0.9775
            ],
            [
                0.9972777777777777,
                0.983
            ],
            [
                0.9941666666666666,
                0.977
            ]
        ]
    },
    "haddamard": {
        "0": [
            [
                0.6632222222222222,
                0.61
            ],
            [
                0.640611111111111,
                0.587
            ],
            [
                0.6630555555555556,
                0.6014999999999999
            ],
            [
                0.6460555555555556,
                0.5940000000000001
            ]
        ],
        "1": [
            [
                0.7287777777777777,
                0.518
            ],
            [
                0.7097222222222221,
                0.492
            ],
            [
                0.9008333333333333,
                0.507
            ],
            [
                0.8592777777777778,
                0.516
            ]
        ],
        "2": [
            [
                0.9344999999999999,
                0.546
            ],
            [
                0.7406111111111111,
                0.5090000000000001
            ],
            [
                0.9151111111111112,
                0.546
            ],
            [
                0.6648333333333334,
                0.5095000000000001
            ]
        ],
        "3": [
            [
                0.9416111111111112,
                0.557
            ],
            [
                0.8980555555555556,
                0.543
            ],
            [
                0.8023333333333331,
                0.5495
            ],
            [
                0.8470000000000001,
                0.5409999999999999
            ]
        ],
        "4": [
            [
                0.9390555555555556,
                0.5740000000000001
            ],
            [
                0.9402777777777777,
                0.5825
            ],
            [
                0.9331666666666665,
                0.5875
            ],
            [
                0.8468333333333333,
                0.5435000000000001
            ]
        ],
        "5": [
            [
                0.9439444444444446,
                0.6134999999999999
            ],
            [
                0.9551111111111112,
                0.608
            ],
            [
                0.9397222222222222,
                0.606
            ],
            [
                0.9267777777777777,
                0.6209999999999999
            ]
        ],