{
    "mean": {
        "0": [
            [
                0.9960555555555555,
                0.966
            ],
            [
                0.9952222222222222,
                0.959
            ],
            [
                0.9953888888888887,
                0.96
            ],
            [
                0.995611111111111,
                0.9629999999999999
            ]
        ],
        "1": [
            [
                0.9961666666666666,
                0.9635
            ],
            [
                0.9961111111111111,
                0.961
            ],
            [
                0.9961111111111111,
                0.9654999999999999
            ],
            [
                0.9958333333333332,
                0.966
            ]
        ],
        "2": [
            [
                0.9957222222222221,
                0.958
            ],
            [
                0.9939444444444444,
                0.959
            ],
            [
                0.9966111111111111,
                0.9595
            ],
            [
                0.9939444444444444,
                0.962
            ]
        ],
        "3": [
            [
                0.9962777777777777,
                0.9664999999999999
            ],
            [
                0.9957777777777777,
                0.9570000000000001
            ],
            [
                0.9963333333333333,
                0.96
            ],
            [
                0.9957777777777779,
                0.9644999999999999
            ]
        ],
        "4": [
            [
                0.9961111111111111,
                0.9685
            ],
            [
                0.9966111111111111,
                0.968
            ],
            [
                0.9962222222222221,
                0.9665000000000001
            ],
            [
                0.9961666666666666,
                0.9665000000000001
            ]
        ],
        "5": [
            [
                0.9978333333333333,
                0.9794999999999998
            ],
            [
                0.9966666666666667,
                0.976
            ],
            [
                0.9960555555555555,
                0.975
            ],
            [
                0.9968888888888887,
                0.9765
            ]
        ],
        "6": [
            [
                0.9972777777777777,
                0.9814999999999999
            ],
            [
                0.9967222222222221,
                0.9755
            ],
            [
                0.9970555555555555,
                0.9790000000000001
            ],
            [
                0.9967222222222223,
                0.976
            ]
        ],
        "7": [
            [
                0.9970555555555555,
                0.978
            ],
            [
                0.9974444444444444,
                0.9744999999999999
            ],
            [
                0.9978888888888887,
                0.9799999999999999
            ],
            [
                0.9958333333333333,
                0.9754999999999999
            ]
        ],
        "8": [
            [
                0.9956111111111111,
                0.9789999999999999
            ],
            [
                0.9973333333333333,
                0.9755
            ],
            [
                0.9970555555555555,
                0.977
            ],
            [
                0.9974999999999999,
                0.977
            ]
        ],
        "9": [
            [
                0.9963333333333333,
                0.9804999999999999
            ],
            [
                0.9971666666666665,
                0.9749999999999999
            ],
            [
                0.9978888888888887,
                0.975
            ],
            [
                0.9975555555555555,
                0.976
            ]
        ],
        "10": [
            [
                0.9968333333333332,
                0.9755
            ],
            [
                0.9966666666666667,
                0.976
            ],
            [
                0.9982777777777777,
                0.9774999999999998
            ],
            [
                0.9978888888888887,
                0.9789999999999999
            ]
        ],
        "11": [
            [
                0.9974444444444444,
                0.975
            ],
            [
                0.9967222222222223,
                0.9764999999999999
            ],
            [
                0.9968333333333333,
                0.974
            ],
            [
                0.9972777777777777,
                0.9775
            ]
        ],
        "12": [
            [
                0.9961111111111112,
                0.9634999999999998
            ],
            [
                0.9961111111111111,
                0.9725000000000001
            ],
            [
                0.9964444444444445,
                0.9709999999999999
            ],
            [
                0.9962222222222221,
                0.97
            ]
        ]
    },
    "haddamard": {
        "0": [
            [
                0.6037777777777779,
                0.5195000000000001
            ],
            [
                0.6366666666666666,
                0.54
            ],
            [
                0.5876666666666667,
                0.5235000000000001
            ],
            [
                0.615,
                0.535
            ]
        ],
        "1": [
            [
                0.8684444444444445,
                0.506
            ],
            [
                0.8498333333333333,
                0.5245
            ],
            [
                0.9001111111111111,
                0.527
            ],
            [
                0.8305,
                0.5145000000000001
            ]
        ],
        "2": [
            [
                0.7022222222222222,
                0.5205
            ],
            [
                0.6792777777777779,
                0.522
            ],
            [
                0.8715555555555555,
                0.5245000000000001
            ],
            [
                0.8488333333333333,
                0.5290000000000001
            ]
        ],
        "3": [
            [
                0.800611111111111,
                0.51
            ],
            [
                0.8736111111111111,
                0.5239999999999999
            ],
            [
                0.8446111111111112,
                0.5255000000000001
            ],
            [
                0.7911666666666666,
                0.5305000000000001
            ]
        ],
        "4": [
            [
                0.8727222222222222,
                0.502
            ],
            [
                0.8504444444444443,
                0.5265
            ],
            [
                0.6999444444444445,
                0.504
            ],
            [
                0.708,
                0.5130000000000001
            ]
        ],
        "5": [
            [
                0.7845000000000001,
                0.5435
            ],
            [
                0.7728333333333334,
                0.5395
            ],
            [
                0.8626111111111111,
                0.5525
            ],
            [
                0.8795,
                0.5475
            ]
        ],
        "6": [
            [
                0.7898888888888889,
                0.5245
            ],
            [
                0.8145555555555555,
                0.5269999999999999
            ],
            [
                0.6798333333333333,
                0.5305000000000001
            ],
            [
                0.825,
                0.5285
            ]
        ],