{
    "mean": {
        "0": [
            [
                0.9905000000000002,
                0.9405000000000001
            ],
            [
                0.9888333333333333,
                0.9424999999999999
            ],
            [
                0.9892777777777779,
                0.9355
            ],
            [
                0.991,
                0.932
            ]
        ],
        "1": [
            [
                0.9874444444444445,
                0.9259999999999999
            ],
            [
                0.9868888888888888,
                0.938
            ],
            [
                0.9867222222222223,
                0.9344999999999999
            ],
            [
                0.9906666666666666,
                0.9345000000000001
            ]
        ],
        "2": [
            [
                0.9908333333333333,
                0.9434999999999999
            ],
            [
                0.9915555555555556,
                0.9495000000000001
            ],
            [
                0.990388888888889,
                0.9464999999999998
            ],
            [
                0.993611111111111,
                0.9480000000000001
            ]
        ],
        "3": [
            [
                0.9942222222222222,
                0.9650000000000002
            ],
            [
                0.9961666666666668,
                0.9634999999999998
            ],
            [
                0.9945,
                0.9600000000000002
            ],
            [
                0.9958888888888888,
                0.9640000000000001
            ]
        ],
        "4": [
            [
                0.9964999999999999,
                0.9744999999999999
            ],
            [
                0.9968333333333333,
                0.976
            ],
            [
                0.9973888888888889,
                0.9754999999999999
            ],
            [
                0.9974999999999999,
                0.9735000000000001
            ]
        ],
        "5": [
            [
                0.9974999999999999,
                0.976
            ],
            [
                0.9965555555555554,
                0.9715
            ],
            [
                0.9966111111111109,
                0.9730000000000001
            ],
            [
                0.9983333333333333,
                0.9765
            ]
        ],
        "6": [
            [
                0.9967222222222223,
                0.9730000000000001
            ],
            [
                0.9942777777777776,
                0.9715
            ],
            [
                0.9958333333333332,
                0.9724999999999999
            ],
            [
                0.9967777777777777,
                0.9790000000000001
            ]
        ],
        "7": [
            [
                0.9964444444444445,
                0.9715
            ],
            [
                0.9951666666666664,
                0.9715
            ],
            [
                0.9951111111111111,
                0.9650000000000001
            ],
            [
                0.9981666666666665,
                0.9724999999999999
            ]
        ],
        "8": [
            [
                0.9952777777777779,
                0.966
            ],
            [
                0.9949999999999999,
                0.9675
            ],
            [
                0.9951666666666666,
                0.968
            ],
            [
                0.9975555555555555,
                0.9710000000000001
            ]
        ],
        "9": [
            [
                0.9946111111111111,
                0.959
            ],
            [
                0.9910555555555554,
                0.952
            ],
            [
                0.9943888888888889,
                0.953
            ],
            [
                0.9960555555555555,
                0.9655000000000001
            ]
        ],
        "10": [
            [
                0.9929444444444446,
                0.9515
            ],
            [
                0.9913333333333332,
                0.9445
            ],
            [
                0.9944444444444447,
                0.9424999999999999
            ],
            [
                0.9941111111111111,
                0.944
            ]
        ],
        "11": [
            [
                0.9927777777777779,
                0.9454999999999998
            ],
            [
                0.9923333333333334,
                0.9455
            ],
            [
                0.9936111111111112,
                0.943
            ],
            [
                0.9946666666666667,
                0.9445
            ]
        ],
        "12": [
            [
                0.9915,
                0.9295
            ],
            [
                0.9913333333333334,
                0.925
            ],
            [
                0.9910555555555556,
                0.9324999999999999
            ],
            [
                0.9915555555555556,
                0.923
            ]
        ]
    },
    "haddamard": {
        "0": [
            [
                0.5508888888888889,
                0.5195000000000001
            ],
            [
                0.5418888888888891,
                0.5115000000000001
            ],
            [
                0.5671666666666666,
                0.5215
            ],
            [
                0.5574444444444444,
                0.5170000000000001
            ]
        ],
        "1": [
            [
                0.5880555555555556,
                0.5065
            ],
            [
                0.5502777777777779,
                0.5005
            ],
            [
                0.5977777777777777,
                0.5130000000000001
            ],
            [
                0.5782222222222223,
                0.5025000000000001
            ]
        ],
        "2": [
            [
                0.5913888888888889,
                0.5055
            ],
            [
                0.5489444444444443,
                0.497
            ],
            [
                0.5855555555555554,
                0.51
            ],
            [
                0.5730555555555555,
                0.49800000000000005
            ]
        ],
        "3": [
            [
                0.5759444444444445,
                0.4959999999999999
            ],
            [
                0.539611111111111,
                0.49899999999999994
            ],
            [
                0.5756666666666665,
                0.5005000000000001
            ],
            [
                0.6083888888888889,
                0.517
            ]
        ],
        "4": [
            [
                0.5933333333333333,
                0.516
            ],
            [
                0.5511111111111111,
                0.49450000000000005
            ],
            [
                0.6091666666666666,
                0.531
            ],
            [
                0.5987777777777777,
                0.5189999999999999
            ]
        ],
        "5": [
            [
                0.6067777777777776,
                0.52
            ],
            [
                0.5692222222222222,
                0.513
            ],
            [
                0.5909444444444445,
                0.506
            ],
            [
                0.6278888888888889,
                0.526
            ]
        ],
        "6": [
            [
                0.5987222222222222,
                0.518
            ],
            [
                0.5482777777777776,
                0.5069999999999999
            ],
            [
                0.6005,
                0.5165
            ],
            [
                0.6133888888888889,
                0.53
            ]
        ],