{
    "mean": {
        "0": [
            [
                0.927405927541421,
                0.8085995085995087
            ],
            [
                0.9204359395852999,
                0.8122194922194922
            ],
            [
                0.8934345602356695,
                0.8167403767403767
            ],
            [
                0.8949465552879137,
                0.824971334971335
            ]
        ],
        "1": [
            [
                0.9447380252921453,
                0.7959131859131859
            ],
            [
                0.867720980762345,
                0.8131367731367731
            ],
            [
                0.8794108671592721,
                0.8194840294840295
            ],
            [
                0.8964686208131247,
                0.8149385749385749
            ]
        ],
        "2": [
            [
                0.9586506380000651,
                0.8104422604422604
            ],
            [
                0.8698404592949449,
                0.8103521703521702
            ],
            [
                0.8782012914618665,
                0.8221867321867322
            ],
            [
                0.9024014517756583,
                0.8185749385749386
            ]
        ],
        "3": [
            [
                0.9185175653461803,
                0.8040212940212941
            ],
            [
                0.8722489298850948,
                0.8031449631449631
            ],
            [
                0.8700356637153739,
                0.8203112203112204
            ],
            [
                0.9413266780052731,
                0.8103767403767403
            ]
        ],
        "4": [
            [
                0.9356660549786792,
                0.8149058149058149
            ],
            [
                0.8624699920249992,
                0.7931859131859131
            ],
            [
                0.8542181040656228,
                0.8140049140049139
            ],
            [
                0.9038099956056117,
                0.8185339885339884
            ]
        ],
        "5": [
            [
                0.9262854602714754,
                0.8122031122031121
            ],
            [
                0.8925157058689495,
                0.7968140868140867
            ],
            [
                0.8912114270368804,
                0.804062244062244
            ],
            [
                0.9233632938380912,
                0.804013104013104
            ]
        ],
        "6": [
            [
                0.9232586219524104,
                0.8121949221949223
            ],
            [
                0.8681223755737119,
                0.7994922194922195
            ],
            [
                0.9189483578008529,
                0.8185585585585585
            ],
            [
                0.9182236906350705,
                0.8157985257985259
            ]
        ],
        "7": [
            [
                0.8988576625109861,
                0.804037674037674
            ],
            [
                0.8749744677907619,
                0.8040212940212939
            ],
            [
                0.9123766112756746,
                0.8013185913185913
            ],
            [
                0.9199371968685914,
                0.813996723996724
            ]
        ],
        "8": [
            [
                0.9264879886722438,
                0.8067239967239968
            ],
            [
                0.897862821848247,
                0.8157985257985259
            ],
            [
                0.9049238509488623,
                0.804045864045864
            ],
            [
                0.8992748242244717,
                0.8085257985257985
            ]
        ],
        "9": [
            [
                0.892816599394551,
                0.8039803439803439
            ],
            [
                0.905326466423619,
                0.8121621621621621
            ],
            [
                0.9099552219979818,
                0.8203276003276004
            ],
            [
                0.9432324387226977,
                0.8194348894348893
            ]
        ],
        "10": [
            [
                0.9423270116532665,
                0.8094758394758393
            ],
            [
                0.9186228475635557,
                0.8085339885339886
            ],
            [
                0.9447442303310438,
                0.823079443079443
            ],
            [
                0.9550270987272549,
                0.8122276822276822
            ]
        ],
        "11": [
            [
                0.9434411721623643,
                0.8158230958230959
            ],
            [
                0.9399032827707432,
                0.8021867321867321
            ],
            [
                0.9540271719670583,
                0.8294103194103195
            ],
            [
                0.9633931187135836,
                0.8203767403767402
            ]
        ],
        "12": [
            [
                0.9293187070733374,
                0.7958558558558558
            ],
            [
                0.9377818715211094,
                0.7840950040950041
            ],
            [
                0.9439402200449203,
                0.7949467649467649
            ],
            [
                0.9582482259692068,
                0.7932350532350532
            ]
        ]
    },
    "haddamard": {
        "0": [
            [
                0.7534808233781453,
                0.745069615069615
            ],
            [
                0.7922969019563165,
                0.7804914004914005
            ],
            [
                0.7762621659451189,
                0.7687223587223586
            ],
            [
                0.7865507307704828,
                0.7741195741195741
            ]
        ],
        "1": [
            [
                0.7629625297028091,
                0.5944635544635545
            ],
            [
                0.6572989567396894,
                0.5408190008190008
            ],
            [
                0.702977604895674,
                0.587141687141687
            ],
            [
                0.7966373775267732,
                0.6116707616707617
            ]
        ],
        "2": [
            [
                0.8539048004622245,
                0.5762244062244063
            ],
            [
                0.8546041388626673,
                0.5580753480753482
            ],
            [
                0.7574067820057941,
                0.5389844389844389
            ],
            [
                0.8338242773672733,
                0.56999180999181
            ]
        ],
        "3": [
            [
                0.8403010155919404,
                0.5580180180180181
            ],
            [
                0.8800162144786953,
                0.6034643734643735
            ],
            [
                0.8782047500081378,
                0.5716298116298115
            ],
            [
                0.8799115425930145,
                0.5644307944307945
            ]
        ],
        "4": [
            [
                0.8383756225383289,
                0.5898198198198198
            ],
            [
                0.820423529507503,
                0.6017199017199016
            ],
            [
                0.8497592241463494,
                0.5899262899262899
            ],
            [
                0.8162794790208652,
                0.588869778869779
            ]
        ],