{
    "mean": {
        "0": [
            [
                0.5,
                0.5
            ],
            [
                0.5,
                0.5
            ],
            [
                0.5000555555555556,
                0.5
            ],
            [
                0.5,
                0.5
            ]
        ],
        "1": [
            [
                0.5424444444444444,
                0.531
            ],
            [
                0.5347777777777778,
                0.525
            ],
            [
                0.5492777777777778,
                0.5415
            ],
            [
                0.5433888888888889,
                0.5365
            ]
        ],
        "2": [
            [
                0.6899444444444445,
                0.6300000000000001
            ],
            [
                0.7208333333333333,
                0.648
            ],
            [
                0.6181666666666666,
                0.598
            ],
            [
                0.9678888888888888,
                0.8174999999999999
            ]
        ],
        "3": [
            [
                0.9838333333333334,
                0.8935000000000001
            ],
            [
                0.9841111111111112,
                0.9015000000000001
            ],
            [
                0.9828888888888887,
                0.8945000000000001
            ],
            [
                0.983611111111111,
                0.897
            ]
        ],
        "4": [
            [
                0.9882777777777777,
                0.913
            ],
            [
                0.9884999999999999,
                0.9285
            ],
            [
                0.9886111111111111,
                0.929
            ],
            [
                0.9879999999999999,
                0.9164999999999999
            ]
        ],
        "5": [
            [
                0.991,
                0.9345000000000001
            ],
            [
                0.9900555555555556,
                0.9344999999999999
            ],
            [
                0.9888888888888887,
                0.9270000000000002
            ],
            [
                0.9890555555555555,
                0.9269999999999999
            ]
        ],
        "6": [
            [
                0.9921111111111112,
                0.9469999999999998
            ],
            [
                0.9920555555555556,
                0.9390000000000001
            ],
            [
                0.9922222222222224,
                0.9414999999999999
            ],
            [
                0.9922777777777778,
                0.9475
            ]
        ],
        "7": [
            [
                0.9937222222222223,
                0.9455
            ],
            [
                0.9921666666666666,
                0.945
            ],
            [
                0.9941111111111111,
                0.9414999999999999
            ],
            [
                0.991888888888889,
                0.944
            ]
        ],
        "8": [
            [
                0.9952222222222222,
                0.9515
            ],
            [
                0.9944999999999998,
                0.953
            ],
            [
                0.9937222222222222,
                0.9465
            ],
            [
                0.9930555555555556,
                0.9480000000000001
            ]
        ],
        "9": [
            [
                0.9953333333333333,
                0.9494999999999999
            ],
            [
                0.995222222222222,
                0.951
            ],
            [
                0.9935555555555556,
                0.944
            ],
            [
                0.9935,
                0.9494999999999999
            ]
        ],
        "10": [
            [
                0.9947777777777779,
                0.9455
            ],
            [
                0.9945,
                0.9435
            ],
            [
                0.9941111111111111,
                0.9479999999999998
            ],
            [
                0.9911111111111112,
                0.9424999999999999
            ]
        ],
        "11": [
            [
                0.9922222222222222,
                0.9345000000000001
            ],
            [
                0.9900555555555556,
                0.9360000000000002
            ],
            [
                0.9933333333333334,
                0.9355
            ],
            [
                0.9902777777777778,
                0.933
            ]
        ],
        "12": [
            [
                0.9898333333333333,
                0.9170000000000001
            ],
            [
                0.9881111111111112,
                0.9135
            ],
            [
                0.9882222222222221,
                0.9099999999999999
            ],
            [
                0.9877222222222223,
                0.9109999999999999
            ]
        ]
    },
    "haddamard": {
        "0": [
            [
                0.5118333333333334,
                0.503
            ],
            [
                0.5020555555555555,
                0.49899999999999994
            ],
            [
                0.5122777777777777,
                0.5045
            ],
            [
                0.5055555555555555,
                0.49849999999999994
            ]
        ],
        "1": [
            [
                0.5421111111111111,
                0.507
            ],
            [
                0.5282777777777776,
                0.5055000000000001
            ],
            [
                0.5327777777777778,
                0.4959999999999999
            ],
            [
                0.5358888888888889,
                0.497
            ]
        ],
        "2": [
            [
                0.5386666666666666,
                0.4955
            ],
            [
                0.5265000000000001,
                0.4915
            ],
            [
                0.5276666666666667,
                0.48200000000000004
            ],
            [
                0.5480555555555556,
                0.512
            ]
        ],
        "3": [
            [
                0.5523888888888889,
                0.4915
            ],
            [
                0.5369444444444444,
                0.49850000000000005
            ],
            [
                0.5664999999999999,
                0.5
            ],
            [
                0.5692777777777778,
                0.505
            ]
        ],
        "4": [
            [
                0.5706666666666667,
                0.5065
            ],
            [
                0.5687777777777778,
                0.5
            ],
            [
                0.5880000000000001,
                0.507
            ],
            [
                0.5793333333333333,
                0.516
            ]
        ],
        "5": [
            [
                0.5547777777777777,
                0.48149999999999993
            ],
            [
                0.5832222222222223,
                0.5025000000000001
            ],
            [
                0.5809444444444445,
                0.5095
            ],
            [
                0.594111111111111,
                0.5155000000000001
            ]
        ],
        "6": [
            [
                0.5717777777777778,
                0.5060000000000001
            ],
            [
                0.5722222222222222,
                0.5105000000000001
            ],
            [
                0.5771666666666667,
                0.508
            ],
            [
                0.5711666666666668,
                0.514
            ]
        ],