{
    "mean": {
        "0": [
            [
                0.5,
                0.5
            ],
            [
                0.5,
                0.5
            ],
            [
                0.5,
                0.5
            ],
            [
                0.5,
                0.5
            ]
        ],
        "1": [
            [
                0.9673333333333332,
                0.8764999999999998
            ],
            [
                0.9650000000000001,
                0.8554999999999999
            ],
            [
                0.9681666666666666,
                0.8654999999999999
            ],
            [
                0.9647222222222223,
                0.868
            ]
        ],
        "2": [
            [
                0.9806666666666665,
                0.9275
            ],
            [
                0.9793333333333333,
                0.9115
            ],
            [
                0.9841111111111112,
                0.9219999999999999
            ],
            [
                0.985111111111111,
                0.9205000000000002
            ]
        ],
        "3": [
            [
                0.9917222222222224,
                0.961
            ],
            [
                0.990388888888889,
                0.9464999999999998
            ],
            [
                0.9933333333333332,
                0.9555
            ],
            [
                0.990777777777778,
                0.9555
            ]
        ],
        "4": [
            [
                0.9952777777777777,
                0.9700000000000001
            ],
            [
                0.9937777777777779,
                0.9694999999999998
            ],
            [
                0.993,
                0.9675
            ],
            [
                0.9942222222222222,
                0.9695
            ]
        ],
        "5": [
            [
                0.9949444444444445,
                0.9744999999999999
            ],
            [
                0.9961666666666666,
                0.9715000000000001
            ],
            [
                0.9942222222222222,
                0.974
            ],
            [
                0.9947222222222223,
                0.975
            ]
        ],
        "6": [
            [
                0.9953888888888889,
                0.9785
            ],
            [
                0.9962222222222221,
                0.9785
            ],
            [
                0.9977222222222222,
                0.9744999999999999
            ],
            [
                0.9969444444444443,
                0.9815000000000002
            ]
        ],
        "7": [
            [
                0.9979444444444445,
                0.984
            ],
            [
                0.9970555555555555,
                0.983
            ],
            [
                0.9976111111111112,
                0.9780000000000001
            ],
            [
                0.9970555555555556,
                0.9805000000000001
            ]
        ],
        "8": [
            [
                0.9971666666666665,
                0.9775000000000003
            ],
            [
                0.9966666666666667,
                0.9775
            ],
            [
                0.9982222222222221,
                0.9810000000000001
            ],
            [
                0.9976111111111111,
                0.9800000000000001
            ]
        ],
        "9": [
            [
                0.9953333333333333,
                0.9710000000000001
            ],
            [
                0.9964999999999999,
                0.9715
            ],
            [
                0.9977222222222222,
                0.9754999999999999
            ],
            [
                0.9958888888888888,
                0.9720000000000001
            ]
        ],
        "10": [
            [
                0.9930555555555556,
                0.9640000000000001
            ],
            [
                0.9942222222222222,
                0.96
            ],
            [
                0.9966666666666665,
                0.9689999999999998
            ],
            [
                0.9955,
                0.9685
            ]
        ],
        "11": [
            [
                0.9957777777777777,
                0.9629999999999999
            ],
            [
                0.9948888888888888,
                0.9545
            ],
            [
                0.9925555555555556,
                0.9555
            ],
            [
                0.9951666666666666,
                0.9630000000000001
            ]
        ],
        "12": [
            [
                0.9939444444444444,
                0.9505000000000001
            ],
            [
                0.9935000000000003,
                0.952
            ],
            [
                0.9947222222222221,
                0.9550000000000001
            ],
            [
                0.9925555555555556,
                0.9490000000000001
            ]
        ]
    },
    "haddamard": {
        "0": [
            [
                0.5178333333333333,
                0.4995
            ],
            [
                0.5018333333333332,
                0.502
            ],
            [
                0.5329444444444444,
                0.5135
            ],
            [
                0.5122777777777777,
                0.5025
            ]
        ],
        "1": [
            [
                0.5633888888888888,
                0.504
            ],
            [
                0.5385,
                0.5029999999999999
            ],
            [
                0.5656666666666668,
                0.487
            ],
            [
                0.5702222222222224,
                0.5115000000000001
            ]
        ],
        "2": [
            [
                0.587111111111111,
                0.504
            ],
            [
                0.5602777777777779,
                0.5105000000000001
            ],
            [
                0.5856111111111112,
                0.5049999999999999
            ],
            [
                0.5870000000000001,
                0.515
            ]
        ],
        "3": [
            [
                0.6250555555555555,
                0.506
            ],
            [
                0.5629444444444445,
                0.5085
            ],
            [
                0.6219444444444445,
                0.49850000000000005
            ],
            [
                0.6245555555555556,
                0.502
            ]
        ],
        "4": [
            [
                0.6178333333333333,
                0.5055
            ],
            [
                0.6121111111111112,
                0.49700000000000005
            ],
            [
                0.6472222222222224,
                0.505
            ],
            [
                0.6161111111111112,
                0.49300000000000005
            ]
        ],
        "5": [
            [
                0.6901666666666667,
                0.5205
            ],
            [
                0.7280555555555555,
                0.5145
            ],
            [
                0.8822222222222222,
                0.52
            ],
            [
                0.6573333333333334,
                0.51
            ]
        ],
        "6": [
            [
                0.8371666666666668,
                0.527
            ],
            [
                0.6750555555555556,
                0.5135
            ],
            [
                0.8121666666666666,
                0.525
            ],
            [
                0.6396111111111111,
                0.5155000000000001
            ]
        ],