{
    "pooler": {
        "0": [
            [
                0.9997222222222222,
                0.9959999999999999
            ],
            [
                0.9943333333333333,
                0.9914999999999999
            ],
            [
                0.9986666666666666,
                0.9949999999999999
            ],
            [
                0.9986666666666666,
                0.9944999999999998
            ]
        ]
    },
    "cls": {
        "0": [
            [
                0.5,
                0.5
            ],
            [
                0.5,
                0.5
            ],
            [
                0.5,
                0.5
            ],
            [
                0.5,
                0.5
            ]
        ],
        "1": [
            [
                1.0,
                0.9995
            ],
            [
                0.9998888888888888,
                0.9994999999999999
            ],
            [
                0.9991666666666668,
                0.9984999999999999
            ],
            [
                1.0,
                0.9995
            ]
        ],
        "2": [
            [
                0.9995555555555555,
                0.999
            ],
            [
                0.9982777777777777,
                0.9970000000000001
            ],
            [
                0.9988333333333334,
                0.9975000000000002
            ],
            [
                0.999,
                0.999
            ]
        ],
        "3": [
            [
                0.9987222222222222,
                0.9974999999999999
            ],
            [
                0.9995555555555555,
                0.9960000000000001
            ],
            [
                0.9982222222222221,
                0.9945
            ],
            [
                0.9978888888888889,
                0.994
            ]
        ],
        "4": [
            [
                0.9994999999999999,
                0.9975000000000002
            ],
            [
                0.9992777777777778,
                0.9984999999999999
            ],
            [
                0.9999444444444444,
                0.998
            ],
            [
                0.9982222222222223,
                0.9964999999999999
            ]
        ],
        "5": [
            [
                0.9987222222222222,
                0.9955
            ],
            [
                0.9998888888888888,
                0.9984999999999999
            ],
            [
                1.0,
                0.999
            ],
            [
                0.9994444444444444,
                0.9975000000000002
            ]
        ],
        "6": [
            [
                0.9988888888888889,
                0.9974999999999999
            ],
            [
                0.9997777777777778,
                0.998
            ],
            [
                0.9970555555555556,
                0.9945
            ],
            [
                1.0,
                0.999
            ]
        ],
        "7": [
            [
                0.999,
                0.9964999999999999
            ],
            [
                0.9984999999999999,
                0.9955
            ],
            [
                0.9993333333333334,
                0.9955
            ],
            [
                0.9948888888888889,
                0.9899999999999999
            ]
        ],
        "8": [
            [
                0.9987777777777778,
                0.992
            ],
            [
                0.9950555555555557,
                0.994
            ],
            [
                0.9999444444444444,
                0.998
            ],
            [
                0.9965555555555554,
                0.991
            ]
        ],
        "9": [
            [
                0.9988888888888889,
                0.9964999999999999
            ],
            [
                0.9964444444444445,
                0.993
            ],
            [
                0.9987222222222222,
                0.998
            ],
            [
                0.9992222222222221,
                0.9955
            ]
        ],
        "10": [
            [
                0.9977777777777778,
                0.9949999999999999
            ],
            [
                0.9958888888888889,
                0.992
            ],
            [
                0.9992222222222221,
                0.9949999999999999
            ],
            [
                0.9973888888888889,
                0.9944999999999998
            ]
        ],
        "11": [
            [
                0.9944444444444445,
                0.9904999999999999
            ],
            [
                0.9938333333333335,
                0.9914999999999999
            ],
            [
                0.9915555555555556,
                0.99
            ],
            [
                0.9975555555555555,
                0.9945
            ]
        ],
        "12": [
            [
                0.9981111111111112,
                0.9935
            ],
            [
                0.9928333333333332,
                0.9894999999999999
            ],
            [
                0.9970000000000001,
                0.994
            ],
            [
                0.9976111111111111,
                0.9945
            ]
        ]
    },
    "mean": {
        "0": [
            [
                1.0,
                1.0
            ],
            [
                1.0,
                1.0
            ],
            [
                1.0,
                1.0
            ],
            [
                1.0,
                1.0
            ]
        ],
        "1": [
            [
                1.0,
                1.0
            ],
            [
                0.9999444444444444,
                0.9994999999999999
            ],
            [
                1.0,
                1.0
            ],
            [
                1.0,
                1.0
            ]
        ],
        "2": [
            [
                1.0,
                1.0
            ],
            [
                0.999611111111111,
                0.999
            ],
            [
                1.0,
                0.9995
            ],
            [
                1.0,
                1.0
            ]
        ],
        "3": [
            [
                1.0,
                1.0
            ],
            [
                1.0,
                0.9995
            ],
            [
                1.0,
                0.9995
            ],
            [
                1.0,
                1.0
            ]
        ],
        "4": [
            [
                1.0,
                1.0
            ],
            [
                1.0,
                1.0
            ],
            [
                1.0,
                1.0
            ],
            [
                1.0,
                1.0
            ]
        ],
        "5": [
            [
                0.9995555555555555,
                0.9995
            ],
            [
                1.0,
                0.9995
            ],
            [
                0.9998333333333334,
                0.9995
            ],
            [
                1.0,
                1.0
            ]
        ],
        "6": [
            [
                1.0,
                1.0
            ],
            [
                1.0,
                1.0
            ],
            [
                1.0,
                1.0
            ],
            [
                0.9998888888888888,
                0.9995
            ]
        ],