{
    "mean": {
        "0": [
            [
                1.0,
                1.0
            ],
            [
                0.9997777777777778,
                0.999
            ],
            [
                1.0,
                1.0
            ],
            [
                1.0,
                1.0
            ]
        ],
        "1": [
            [
                1.0,
                1.0
            ],
            [
                0.9998888888888888,
                0.9995
            ],
            [
                1.0,
                1.0
            ],
            [
                1.0,
                1.0
            ]
        ],
        "2": [
            [
                1.0,
                1.0
            ],
            [
                1.0,
                1.0
            ],
            [
                1.0,
                1.0
            ],
            [
                1.0,
                1.0
            ]
        ],
        "3": [
            [
                1.0,
                0.9995
            ],
            [
                1.0,
                1.0
            ],
            [
                1.0,
                1.0
            ],
            [
                1.0,
                0.9995
            ]
        ],
        "4": [
            [
                1.0,
                1.0
            ],
            [
                1.0,
                1.0
            ],
            [
                0.9990555555555556,
                0.999
            ],
            [
                0.9998333333333334,
                0.9995
            ]
        ],
        "5": [
            [
                0.9998888888888888,
                0.9984999999999999
            ],
            [
                0.9998888888888888,
                0.9984999999999999
            ],
            [
                0.9993333333333334,
                0.9984999999999999
            ],
            [
                0.999388888888889,
                0.9995
            ]
        ],
        "6": [
            [
                0.9994999999999999,
                0.9979999999999999
            ],
            [
                0.999611111111111,
                0.9994999999999999
            ],
            [
                0.9999444444444444,
                0.998
            ],
            [
                0.999,
                0.9984999999999999
            ]
        ],
        "7": [
            [
                0.9982222222222221,
                0.9964999999999999
            ],
            [
                0.9982777777777777,
                0.9984999999999999
            ],
            [
                0.9997222222222222,
                0.9984999999999999
            ],
            [
                0.9986111111111111,
                0.9984999999999999
            ]
        ],
        "8": [
            [
                0.998111111111111,
                0.9970000000000001
            ],
            [
                0.9991111111111112,
                0.998
            ],
            [
                0.9993888888888888,
                0.9974999999999999
            ],
            [
                0.9993333333333334,
                0.999
            ]
        ],
        "9": [
            [
                0.9987222222222222,
                0.9974999999999999
            ],
            [
                0.9978888888888889,
                0.9969999999999999
            ],
            [
                0.9993333333333334,
                0.9970000000000001
            ],
            [
                0.9991666666666668,
                0.9979999999999999
            ]
        ],
        "10": [
            [
                0.9974999999999999,
                0.9954999999999998
            ],
            [
                0.9987777777777778,
                0.9974999999999999
            ],
            [
                0.9992777777777778,
                0.9970000000000001
            ],
            [
                0.9983888888888888,
                0.9969999999999999
            ]
        ],
        "11": [
            [
                0.9972222222222221,
                0.9949999999999999
            ],
            [
                0.9994444444444444,
                0.9974999999999999
            ],
            [
                0.9996666666666666,
                0.9974999999999999
            ],
            [
                0.9968888888888887,
                0.9960000000000001
            ]
        ],
        "12": [
            [
                0.9986666666666666,
                0.9959999999999999
            ],
            [
                0.999388888888889,
                0.999
            ],
            [
                0.9999444444444444,
                0.999
            ],
            [
                0.9969999999999999,
                0.9959999999999999
            ]
        ]
    },
    "haddamard": {
        "0": [
            [
                0.9671111111111111,
                0.909
            ],
            [
                0.961888888888889,
                0.8809999999999999
            ],
            [
                0.9633888888888891,
                0.901
            ],
            [
                0.9695555555555556,
                0.9075
            ]
        ],
        "1": [
            [
                0.9798333333333333,
                0.8160000000000001
            ],
            [
                0.976388888888889,
                0.792
            ],
            [
                0.9737777777777776,
                0.8074999999999999
            ],
            [
                0.9785555555555556,
                0.8089999999999999
            ]
        ],
        "2": [
            [
                0.9825555555555556,
                0.8210000000000001
            ],
            [
                0.978111111111111,
                0.8084999999999999
            ],
            [
                0.9791666666666667,
                0.8184999999999999
            ],
            [
                0.9779444444444445,
                0.8160000000000001
            ]
        ],
        "3": [
            [
                0.9722222222222223,
                0.768
            ],
            [
                0.9715555555555555,
                0.751
            ],
            [
                0.9742222222222221,
                0.7630000000000001
            ],
            [
                0.9721666666666666,
                0.7449999999999999
            ]
        ],
        "4": [
            [
                0.9617777777777776,
                0.7235
            ],
            [
                0.9693888888888889,
                0.728
            ],
            [
                0.9684444444444444,
                0.7405
            ],
            [
                0.9676111111111112,
                0.728
            ]
        ],
        "5": [
            [
                0.968888888888889,
                0.7194999999999999
            ],
            [
                0.9687222222222222,
                0.71
            ],
            [
                0.9658888888888889,
                0.712
            ],
            [
                0.969111111111111,
                0.719
            ]
        ],
        "6": [
            [
                0.9552777777777777,
                0.7295
            ],
            [
                0.971611111111111,
                0.7305
            ],
            [
                0.9660555555555556,
                0.7315000000000002
            ],
            [
                0.9550555555555557,
                0.7325
            ]
        ],