{
    "mean": {
        "0": [
            [
                0.9755,
                0.922
            ],
            [
                0.9887222222222221,
                0.9305
            ],
            [
                0.9925555555555554,
                0.9309999999999998
            ],
            [
                0.9902222222222221,
                0.9305000000000001
            ]
        ],
        "1": [
            [
                0.9706666666666667,
                0.9265000000000001
            ],
            [
                0.9921666666666666,
                0.9335000000000001
            ],
            [
                0.9915555555555555,
                0.9325000000000001
            ],
            [
                0.9836666666666668,
                0.9324999999999999
            ]
        ],
        "2": [
            [
                0.9631666666666667,
                0.9305
            ],
            [
                0.9818888888888889,
                0.9375
            ],
            [
                0.9920555555555556,
                0.9405000000000001
            ],
            [
                0.9922777777777778,
                0.945
            ]
        ],
        "3": [
            [
                0.9898888888888887,
                0.9495000000000001
            ],
            [
                0.9870555555555557,
                0.9490000000000001
            ],
            [
                0.9952777777777777,
                0.9514999999999999
            ],
            [
                0.9842777777777778,
                0.9489999999999998
            ]
        ],
        "4": [
            [
                0.9925555555555556,
                0.9635
            ],
            [
                0.9882222222222221,
                0.9555
            ],
            [
                0.993611111111111,
                0.9610000000000001
            ],
            [
                0.9896111111111111,
                0.9564999999999999
            ]
        ],
        "5": [
            [
                0.9896666666666667,
                0.9650000000000001
            ],
            [
                0.994611111111111,
                0.9700000000000001
            ],
            [
                0.9894999999999999,
                0.9635
            ],
            [
                0.9893888888888889,
                0.9630000000000001
            ]
        ],
        "6": [
            [
                0.9795555555555555,
                0.959
            ],
            [
                0.9964444444444445,
                0.9705
            ],
            [
                0.9894999999999999,
                0.9639999999999999
            ],
            [
                0.9853888888888889,
                0.969
            ]
        ],
        "7": [
            [
                0.9804999999999999,
                0.958
            ],
            [
                0.9957777777777777,
                0.9724999999999999
            ],
            [
                0.9923333333333334,
                0.9685
            ],
            [
                0.991611111111111,
                0.967
            ]
        ],
        "8": [
            [
                0.9784999999999998,
                0.9555000000000001
            ],
            [
                0.9923333333333334,
                0.9684999999999999
            ],
            [
                0.9933888888888889,
                0.9715
            ],
            [
                0.9892777777777779,
                0.9709999999999999
            ]
        ],
        "9": [
            [
                0.9716111111111111,
                0.9584999999999999
            ],
            [
                0.9930555555555556,
                0.9674999999999999
            ],
            [
                0.9940555555555554,
                0.968
            ],
            [
                0.9871666666666667,
                0.967
            ]
        ],
        "10": [
            [
                0.9834444444444443,
                0.9644999999999999
            ],
            [
                0.9866111111111111,
                0.97
            ],
            [
                0.9890000000000001,
                0.968
            ],
            [
                0.9833333333333332,
                0.9664999999999999
            ]
        ],
        "11": [
            [
                0.9851666666666669,
                0.966
            ],
            [
                0.9867777777777779,
                0.9684999999999999
            ],
            [
                0.9854444444444443,
                0.9654999999999999
            ],
            [
                0.9787777777777779,
                0.9639999999999999
            ]
        ],
        "12": [
            [
                0.9873888888888889,
                0.9640000000000001
            ],
            [
                0.9895555555555555,
                0.9679999999999997
            ],
            [
                0.9918333333333333,
                0.969
            ],
            [
                0.9898333333333333,
                0.9664999999999999
            ]
        ]
    },
    "haddamard": {
        "0": [
            [
                0.8048333333333334,
                0.739
            ],
            [
                0.7891111111111112,
                0.728
            ],
            [
                0.8161111111111111,
                0.748
            ],
            [
                0.8021111111111111,
                0.744
            ]
        ],
        "1": [
            [
                0.9550555555555554,
                0.6144999999999999
            ],
            [
                0.8581111111111112,
                0.5740000000000001
            ],
            [
                0.9126666666666667,
                0.5834999999999999
            ],
            [
                0.9302222222222223,
                0.6115
            ]
        ],
        "2": [
            [
                0.9426666666666665,
                0.6045
            ],
            [
                0.9328888888888889,
                0.5955
            ],
            [
                0.9522222222222222,
                0.6065
            ],
            [
                0.9496666666666667,
                0.604
            ]
        ],
        "3": [
            [
                0.9328888888888887,
                0.6039999999999999
            ],
            [
                0.9299444444444444,
                0.597
            ],
            [
                0.9466666666666667,
                0.6055
            ],
            [
                0.9388888888888888,
                0.5895
            ]
        ],
        "4": [
            [
                0.9498333333333335,
                0.612
            ],
            [
                0.9554444444444442,
                0.599
            ],
            [
                0.9076111111111113,
                0.5875
            ],
            [
                0.9513333333333334,
                0.604
            ]
        ],
        "5": [
            [
                0.9269999999999999,
                0.605
            ],
            [
                0.9465555555555556,
                0.6065
            ],
            [
                0.9290555555555556,
                0.6100000000000001
            ],
            [
                0.8656111111111112,
                0.592
            ]
        ],