{
    "mean": {
        "0": [
            [
                0.9959999999999999,
                0.9684999999999999
            ],
            [
                0.9963333333333333,
                0.9674999999999999
            ],
            [
                0.9961111111111111,
                0.9720000000000001
            ],
            [
                0.9968888888888887,
                0.9735000000000001
            ]
        ],
        "1": [
            [
                0.9914444444444444,
                0.9629999999999999
            ],
            [
                0.9951111111111111,
                0.9649999999999999
            ],
            [
                0.9956666666666665,
                0.9650000000000001
            ],
            [
                0.9984444444444444,
                0.9700000000000001
            ]
        ],
        "2": [
            [
                0.9936666666666666,
                0.968
            ],
            [
                0.9955555555555555,
                0.9695
            ],
            [
                0.9957222222222221,
                0.9729999999999999
            ],
            [
                0.9979444444444445,
                0.9695
            ]
        ],
        "3": [
            [
                0.9939444444444444,
                0.9730000000000001
            ],
            [
                0.9969444444444443,
                0.9815000000000002
            ],
            [
                0.9972222222222221,
                0.9789999999999999
            ],
            [
                0.9985555555555555,
                0.976
            ]
        ],
        "4": [
            [
                0.9986111111111111,
                0.9865
            ],
            [
                0.9975555555555555,
                0.984
            ],
            [
                0.9985555555555555,
                0.9874999999999998
            ],
            [
                0.999,
                0.9875
            ]
        ],
        "5": [
            [
                0.9985000000000002,
                0.9894999999999999
            ],
            [
                0.9984444444444444,
                0.99
            ],
            [
                0.9975555555555555,
                0.9869999999999999
            ],
            [
                0.999611111111111,
                0.9904999999999999
            ]
        ],
        "6": [
            [
                0.998111111111111,
                0.9894999999999999
            ],
            [
                0.9973888888888889,
                0.9914999999999999
            ],
            [
                0.9958333333333333,
                0.9875
            ],
            [
                0.9984444444444446,
                0.9879999999999999
            ]
        ],
        "7": [
            [
                0.9978333333333333,
                0.9909999999999999
            ],
            [
                0.9978888888888889,
                0.99
            ],
            [
                0.9965000000000002,
                0.9889999999999999
            ],
            [
                0.9974444444444444,
                0.9869999999999999
            ]
        ],
        "8": [
            [
                0.9986666666666668,
                0.994
            ],
            [
                0.9982777777777778,
                0.9924999999999999
            ],
            [
                0.9992777777777778,
                0.992
            ],
            [
                0.9989444444444444,
                0.9899999999999999
            ]
        ],
        "9": [
            [
                0.9963333333333335,
                0.99
            ],
            [
                0.9972777777777777,
                0.991
            ],
            [
                0.999611111111111,
                0.9945
            ],
            [
                0.9984999999999999,
                0.9889999999999999
            ]
        ],
        "10": [
            [
                0.9973888888888889,
                0.9869999999999999
            ],
            [
                0.9950000000000001,
                0.9879999999999999
            ],
            [
                0.9995,
                0.9934999999999998
            ],
            [
                0.9991111111111112,
                0.9904999999999999
            ]
        ],
        "11": [
            [
                0.9968888888888889,
                0.9869999999999999
            ],
            [
                0.9945555555555556,
                0.9875
            ],
            [
                0.9993333333333334,
                0.9914999999999999
            ],
            [
                0.9984444444444444,
                0.9914999999999999
            ]
        ],
        "12": [
            [
                0.9983888888888888,
                0.9865
            ],
            [
                0.9939444444444444,
                0.982
            ],
            [
                0.9991666666666668,
                0.9894999999999999
            ],
            [
                0.9948888888888889,
                0.982
            ]
        ]
    },
    "haddamard": {
        "0": [
            [
                0.5797222222222221,
                0.539
            ],
            [
                0.5739444444444444,
                0.534
            ],
            [
                0.5890555555555557,
                0.5485
            ],
            [
                0.5753333333333334,
                0.525
            ]
        ],
        "1": [
            [
                0.731,
                0.513
            ],
            [
                0.7013333333333334,
                0.5035000000000001
            ],
            [
                0.7105555555555555,
                0.5210000000000001
            ],
            [
                0.7065555555555555,
                0.5199999999999999
            ]
        ],
        "2": [
            [
                0.666888888888889,
                0.501
            ],
            [
                0.6724444444444444,
                0.522
            ],
            [
                0.7251666666666667,
                0.516
            ],
            [
                0.6890555555555556,
                0.5115
            ]
        ],
        "3": [
            [
                0.8378333333333334,
                0.533
            ],
            [
                0.9174444444444445,
                0.5445
            ],
            [
                0.6691111111111112,
                0.504
            ],
            [
                0.7467777777777778,
                0.5050000000000001
            ]
        ],
        "4": [
            [
                0.9075,
                0.5680000000000001
            ],
            [
                0.9006666666666666,
                0.5645
            ],
            [
                0.8620555555555557,
                0.5405
            ],
            [
                0.9361666666666668,
                0.5549999999999999
            ]
        ],
        "5": [
            [
                0.8697777777777779,
                0.5584999999999999
            ],
            [
                0.861,
                0.5585
            ],
            [
                0.9005555555555557,
                0.563
            ],
            [
                0.8777222222222221,
                0.5585
            ]
        ],
        "6": [
            [
                0.8160555555555555,
                0.566
            ],
            [
                0.8643333333333334,
                0.5960000000000001
            ],
            [
                0.8788888888888889,
                0.591
            ],
            [
                0.9024444444444445,
                0.6134999999999999
            ]
        ],