{
    "mean": {
        "0": [
            [
                0.9938888888888888,
                0.9605
            ],
            [
                0.994222222222222,
                0.96
            ],
            [
                0.9933333333333334,
                0.95
            ],
            [
                0.994611111111111,
                0.9545
            ]
        ],
        "1": [
            [
                0.9926666666666666,
                0.9549999999999998
            ],
            [
                0.9952777777777777,
                0.961
            ],
            [
                0.9955,
                0.9655000000000001
            ],
            [
                0.9920555555555557,
                0.958
            ]
        ],
        "2": [
            [
                0.9913888888888888,
                0.9524999999999999
            ],
            [
                0.9960555555555555,
                0.959
            ],
            [
                0.991611111111111,
                0.9524999999999999
            ],
            [
                0.9944444444444445,
                0.9584999999999999
            ]
        ],
        "3": [
            [
                0.9931111111111111,
                0.9550000000000001
            ],
            [
                0.995611111111111,
                0.9570000000000001
            ],
            [
                0.9962777777777777,
                0.9615
            ],
            [
                0.9940000000000001,
                0.9594999999999999
            ]
        ],
        "4": [
            [
                0.9939444444444444,
                0.959
            ],
            [
                0.9958888888888888,
                0.9614999999999998
            ],
            [
                0.9949444444444444,
                0.9625
            ],
            [
                0.9952777777777777,
                0.9654999999999999
            ]
        ],
        "5": [
            [
                0.9956666666666667,
                0.966
            ],
            [
                0.9971666666666665,
                0.97
            ],
            [
                0.9946666666666667,
                0.9664999999999999
            ],
            [
                0.9956666666666665,
                0.9699999999999998
            ]
        ],
        "6": [
            [
                0.9961666666666666,
                0.9734999999999999
            ],
            [
                0.9972777777777777,
                0.9729999999999999
            ],
            [
                0.9950555555555555,
                0.968
            ],
            [
                0.9960555555555555,
                0.9715
            ]
        ],
        "7": [
            [
                0.9960555555555557,
                0.9709999999999999
            ],
            [
                0.9977777777777777,
                0.9754999999999999
            ],
            [
                0.9986666666666666,
                0.9724999999999999
            ],
            [
                0.9960555555555555,
                0.968
            ]
        ],
        "8": [
            [
                0.9960555555555555,
                0.9684999999999999
            ],
            [
                0.9962222222222221,
                0.9734999999999999
            ],
            [
                0.9988333333333334,
                0.974
            ],
            [
                0.9968888888888887,
                0.975
            ]
        ],
        "9": [
            [
                0.9945,
                0.974
            ],
            [
                0.9973333333333333,
                0.9765
            ],
            [
                0.9980555555555556,
                0.9715
            ],
            [
                0.9936666666666667,
                0.9709999999999999
            ]
        ],
        "10": [
            [
                0.9960555555555557,
                0.97
            ],
            [
                0.9974444444444444,
                0.9710000000000001
            ],
            [
                0.9967777777777778,
                0.9644999999999999
            ],
            [
                0.9963333333333333,
                0.9695
            ]
        ],
        "11": [
            [
                0.9956111111111111,
                0.9684999999999999
            ],
            [
                0.9977777777777778,
                0.974
            ],
            [
                0.9988333333333334,
                0.9675
            ],
            [
                0.9952222222222222,
                0.968
            ]
        ],
        "12": [
            [
                0.9943333333333332,
                0.9635
            ],
            [
                0.9967777777777777,
                0.9664999999999999
            ],
            [
                0.9989444444444444,
                0.9635
            ],
            [
                0.9953333333333333,
                0.966
            ]
        ]
    },
    "haddamard": {
        "0": [
            [
                0.6628888888888889,
                0.581
            ],
            [
                0.6609444444444443,
                0.5890000000000001
            ],
            [
                0.6942777777777779,
                0.6104999999999998
            ],
            [
                0.6933333333333334,
                0.6005
            ]
        ],
        "1": [
            [
                0.6721666666666667,
                0.507
            ],
            [
                0.605388888888889,
                0.502
            ],
            [
                0.907611111111111,
                0.5225
            ],
            [
                0.7501666666666666,
                0.5109999999999999
            ]
        ],
        "2": [
            [
                0.8056111111111111,
                0.54
            ],
            [
                0.7807777777777778,
                0.5109999999999999
            ],
            [
                0.6866666666666666,
                0.518
            ],
            [
                0.6732222222222222,
                0.5039999999999999
            ]
        ],
        "3": [
            [
                0.7412777777777778,
                0.517
            ],
            [
                0.8532222222222222,
                0.5255
            ],
            [
                0.6884444444444445,
                0.512
            ],
            [
                0.8304444444444445,
                0.5130000000000001
            ]
        ],
        "4": [
            [
                0.6691111111111111,
                0.532
            ],
            [
                0.7476666666666666,
                0.538
            ],
            [
                0.8080555555555555,
                0.5455000000000001
            ],
            [
                0.8957222222222221,
                0.5589999999999999
            ]
        ],
        "5": [
            [
                0.8275555555555556,
                0.556
            ],
            [
                0.8523333333333334,
                0.556
            ],
            [
                0.9278333333333334,
                0.568
            ],
            [
                0.9007777777777779,
                0.5614999999999999
            ]
        ],
        "6": [
            [
                0.8231111111111111,
                0.5680000000000001
            ],
            [
                0.9019999999999999,
                0.5730000000000001
            ],
            [
                0.8126111111111112,
                0.5734999999999999
            ],
            [
                0.8957222222222221,
                0.5535
            ]
        ],