{
    "mean": {
        "0": [
            [
                0.993888888888889,
                0.9435
            ],
            [
                0.9933333333333334,
                0.9410000000000001
            ],
            [
                0.9935555555555556,
                0.9389999999999998
            ],
            [
                0.9932777777777778,
                0.9450000000000001
            ]
        ],
        "1": [
            [
                0.9927222222222223,
                0.945
            ],
            [
                0.9927777777777779,
                0.944
            ],
            [
                0.9946666666666666,
                0.9364999999999999
            ],
            [
                0.992888888888889,
                0.9479999999999998
            ]
        ],
        "2": [
            [
                0.9931666666666666,
                0.951
            ],
            [
                0.9948333333333332,
                0.9484999999999999
            ],
            [
                0.9962777777777777,
                0.95
            ],
            [
                0.9920555555555556,
                0.9480000000000001
            ]
        ],
        "3": [
            [
                0.9937777777777779,
                0.9594999999999999
            ],
            [
                0.9958888888888888,
                0.968
            ],
            [
                0.9965555555555554,
                0.9545
            ],
            [
                0.9946666666666666,
                0.959
            ]
        ],
        "4": [
            [
                0.9958888888888888,
                0.9625
            ],
            [
                0.9960555555555555,
                0.968
            ],
            [
                0.9956666666666667,
                0.962
            ],
            [
                0.9954444444444445,
                0.9644999999999999
            ]
        ],
        "5": [
            [
                0.9969444444444443,
                0.9685
            ],
            [
                0.9966111111111111,
                0.967
            ],
            [
                0.9965555555555554,
                0.9730000000000001
            ],
            [
                0.9969999999999999,
                0.975
            ]
        ],
        "6": [
            [
                0.9977222222222222,
                0.9734999999999999
            ],
            [
                0.9970000000000001,
                0.9744999999999999
            ],
            [
                0.9976111111111111,
                0.9734999999999999
            ],
            [
                0.9952777777777779,
                0.9730000000000001
            ]
        ],
        "7": [
            [
                0.998,
                0.9734999999999999
            ],
            [
                0.9973888888888889,
                0.9794999999999998
            ],
            [
                0.9971666666666665,
                0.974
            ],
            [
                0.9966111111111111,
                0.9744999999999999
            ]
        ],
        "8": [
            [
                0.9971111111111111,
                0.9734999999999999
            ],
            [
                0.9965555555555555,
                0.9765
            ],
            [
                0.998111111111111,
                0.9754999999999999
            ],
            [
                0.9947777777777776,
                0.9715
            ]
        ],
        "9": [
            [
                0.9983333333333333,
                0.9775
            ],
            [
                0.9977777777777778,
                0.9800000000000001
            ],
            [
                0.9967777777777777,
                0.9774999999999998
            ],
            [
                0.9950555555555555,
                0.974
            ]
        ],
        "10": [
            [
                0.9981111111111112,
                0.9800000000000001
            ],
            [
                0.9966666666666665,
                0.974
            ],
            [
                0.9972222222222221,
                0.9739999999999999
            ],
            [
                0.9973333333333333,
                0.977
            ]
        ],
        "11": [
            [
                0.9961111111111111,
                0.9754999999999999
            ],
            [
                0.9959444444444443,
                0.9735000000000001
            ],
            [
                0.9969999999999999,
                0.9705
            ],
            [
                0.9965555555555555,
                0.977
            ]
        ],
        "12": [
            [
                0.9967777777777778,
                0.9685
            ],
            [
                0.9963888888888889,
                0.966
            ],
            [
                0.9967777777777777,
                0.9654999999999999
            ],
            [
                0.9942777777777778,
                0.9680000000000002
            ]
        ]
    },
    "haddamard": {
        "0": [
            [
                0.5853888888888888,
                0.5415000000000001
            ],
            [
                0.635,
                0.539
            ],
            [
                0.6202777777777777,
                0.5390000000000001
            ],
            [
                0.6002777777777777,
                0.546
            ]
        ],
        "1": [
            [
                0.7497777777777778,
                0.5069999999999999
            ],
            [
                0.7887222222222221,
                0.513
            ],
            [
                0.7966666666666666,
                0.5225
            ],
            [
                0.7678888888888888,
                0.5309999999999999
            ]
        ],
        "2": [
            [
                0.7467777777777778,
                0.52
            ],
            [
                0.7421111111111112,
                0.527
            ],
            [
                0.6909444444444445,
                0.5175
            ],
            [
                0.7460555555555556,
                0.521
            ]
        ],
        "3": [
            [
                0.8682777777777778,
                0.5235
            ],
            [
                0.7945,
                0.5199999999999999
            ],
            [
                0.7802222222222222,
                0.5105000000000001
            ],
            [
                0.8679444444444444,
                0.5290000000000001
            ]
        ],
        "4": [
            [
                0.8518888888888888,
                0.509
            ],
            [
                0.7218888888888889,
                0.518
            ],
            [
                0.8193333333333334,
                0.51
            ],
            [
                0.7917222222222222,
                0.5119999999999999
            ]
        ],
        "5": [
            [
                0.7984444444444444,
                0.4915000000000001
            ],
            [
                0.767,
                0.514
            ],
            [
                0.8571666666666665,
                0.5139999999999999
            ],
            [
                0.7042222222222222,
                0.5245000000000001
            ]
        ],
        "6": [
            [
                0.7832222222222223,
                0.527
            ],
            [
                0.7261666666666666,
                0.5245000000000001
            ],
            [
                0.7046666666666667,
                0.5195
            ],
            [
                0.6469444444444445,
                0.518
            ]
        ],