{
    "mean": {
        "0": [
            [
                0.9992777777777777,
                0.9995
            ],
            [
                0.9973333333333333,
                0.9969999999999999
            ],
            [
                1.0,
                1.0
            ],
            [
                1.0,
                1.0
            ]
        ],
        "1": [
            [
                0.999611111111111,
                0.9984999999999999
            ],
            [
                0.9991666666666668,
                0.9984999999999999
            ],
            [
                0.9995555555555555,
                0.9995
            ],
            [
                0.999388888888889,
                0.9984999999999999
            ]
        ],
        "2": [
            [
                1.0,
                1.0
            ],
            [
                0.9996666666666666,
                0.999
            ],
            [
                1.0,
                1.0
            ],
            [
                0.9997222222222222,
                0.9995
            ]
        ],
        "3": [
            [
                1.0,
                1.0
            ],
            [
                1.0,
                1.0
            ],
            [
                1.0,
                1.0
            ],
            [
                1.0,
                1.0
            ]
        ],
        "4": [
            [
                1.0,
                1.0
            ],
            [
                1.0,
                1.0
            ],
            [
                1.0,
                1.0
            ],
            [
                1.0,
                1.0
            ]
        ],
        "5": [
            [
                1.0,
                1.0
            ],
            [
                1.0,
                1.0
            ],
            [
                1.0,
                1.0
            ],
            [
                1.0,
                1.0
            ]
        ],
        "6": [
            [
                1.0,
                1.0
            ],
            [
                1.0,
                1.0
            ],
            [
                1.0,
                1.0
            ],
            [
                1.0,
                1.0
            ]
        ],
        "7": [
            [
                0.9999444444444444,
                0.9995
            ],
            [
                0.9999444444444444,
                0.999
            ],
            [
                1.0,
                1.0
            ],
            [
                1.0,
                1.0
            ]
        ],
        "8": [
            [
                0.9998333333333334,
                0.999
            ],
            [
                0.999611111111111,
                0.9984999999999999
            ],
            [
                1.0,
                0.999
            ],
            [
                0.9994999999999999,
                0.9994999999999999
            ]
        ],
        "9": [
            [
                0.9994444444444446,
                0.9984999999999999
            ],
            [
                0.9985555555555555,
                0.9995
            ],
            [
                1.0,
                0.9995
            ],
            [
                0.9988888888888889,
                0.998
            ]
        ],
        "10": [
            [
                0.9998888888888888,
                0.9984999999999999
            ],
            [
                1.0,
                0.999
            ],
            [
                0.999388888888889,
                0.9975000000000002
            ],
            [
                0.9980555555555555,
                0.9970000000000001
            ]
        ],
        "11": [
            [
                0.999611111111111,
                0.998
            ],
            [
                0.9997222222222222,
                0.999
            ],
            [
                0.9993333333333334,
                0.9974999999999999
            ],
            [
                0.9994444444444444,
                0.9964999999999999
            ]
        ],
        "12": [
            [
                0.9990555555555556,
                0.9964999999999999
            ],
            [
                0.9973888888888889,
                0.9969999999999999
            ],
            [
                0.9993888888888888,
                0.9970000000000001
            ],
            [
                0.9985555555555556,
                0.9964999999999999
            ]
        ]
    },
    "haddamard": {
        "0": [
            [
                0.8178888888888889,
                0.764
            ],
            [
                0.861111111111111,
                0.764
            ],
            [
                0.8403333333333333,
                0.7645000000000001
            ],
            [
                0.8362777777777778,
                0.7670000000000001
            ]
        ],
        "1": [
            [
                0.9611666666666666,
                0.6905
            ],
            [
                0.9540555555555557,
                0.6925
            ],
            [
                0.9563333333333335,
                0.7010000000000001
            ],
            [
                0.9592222222222222,
                0.6885
            ]
        ],
        "2": [
            [
                0.9633333333333333,
                0.7075
            ],
            [
                0.9637777777777778,
                0.6990000000000001
            ],
            [
                0.9611666666666666,
                0.7175
            ],
            [
                0.967,
                0.7155
            ]
        ],
        "3": [
            [
                0.9708888888888889,
                0.7005000000000001
            ],
            [
                0.9652222222222223,
                0.692
            ],
            [
                0.9646666666666667,
                0.7
            ],
            [
                0.9575555555555557,
                0.683
            ]
        ],
        "4": [
            [
                0.9647222222222223,
                0.6815
            ],
            [
                0.9657222222222221,
                0.6840000000000002
            ],
            [
                0.9626666666666667,
                0.688
            ],
            [
                0.9671666666666667,
                0.6815
            ]
        ],
        "5": [
            [
                0.9635,
                0.6875
            ],
            [
                0.9303333333333332,
                0.657
            ],
            [
                0.9586666666666666,
                0.67
            ],
            [
                0.9618333333333332,
                0.6809999999999999
            ]
        ],
        "6": [
            [
                0.9563333333333335,
                0.689
            ],
            [
                0.9002222222222223,
                0.6575
            ],
            [
                0.9674444444444446,
                0.701
            ],
            [
                0.9609444444444444,
                0.6954999999999999
            ]
        ],
        "7": [
            [
                0.957777777777778,
                0.6950000000000001
            ],
            [
                0.9165000000000001,
                0.6685000000000001
            ],
            [
                0.9381111111111112,
                0.671
            ],
            [
                0.9433888888888887,
                0.681
            ]
        ],