{
    "mean": {
        "0": [
            [
                0.9992777777777778,
                0.9945
            ],
            [
                0.9996666666666666,
                0.999
            ],
            [
                0.9971111111111112,
                0.992
            ],
            [
                0.9997777777777778,
                0.9964999999999999
            ]
        ],
        "1": [
            [
                0.9978333333333336,
                0.9955
            ],
            [
                0.9999444444444444,
                0.999
            ],
            [
                0.999,
                0.9974999999999999
            ],
            [
                0.9999444444444444,
                0.999
            ]
        ],
        "2": [
            [
                0.9982777777777778,
                0.9955
            ],
            [
                0.9999444444444444,
                0.999
            ],
            [
                0.9976111111111111,
                0.9960000000000001
            ],
            [
                0.9992222222222222,
                0.998
            ]
        ],
        "3": [
            [
                0.9994444444444446,
                0.9984999999999999
            ],
            [
                0.9971111111111111,
                0.9924999999999999
            ],
            [
                0.9989444444444444,
                0.9984999999999999
            ],
            [
                0.9998888888888888,
                1.0
            ]
        ],
        "4": [
            [
                0.9997777777777778,
                0.999
            ],
            [
                0.9983333333333333,
                0.9970000000000001
            ],
            [
                0.9991111111111112,
                0.9974999999999999
            ],
            [
                0.9998333333333334,
                0.999
            ]
        ],
        "5": [
            [
                1.0,
                1.0
            ],
            [
                0.9993333333333332,
                0.9984999999999999
            ],
            [
                0.9999444444444444,
                0.999
            ],
            [
                0.9998333333333334,
                0.999
            ]
        ],
        "6": [
            [
                1.0,
                1.0
            ],
            [
                1.0,
                0.9995
            ],
            [
                1.0,
                1.0
            ],
            [
                1.0,
                1.0
            ]
        ],
        "7": [
            [
                1.0,
                1.0
            ],
            [
                1.0,
                0.999
            ],
            [
                1.0,
                1.0
            ],
            [
                1.0,
                1.0
            ]
        ],
        "8": [
            [
                1.0,
                1.0
            ],
            [
                0.9994999999999999,
                0.9995
            ],
            [
                1.0,
                1.0
            ],
            [
                1.0,
                1.0
            ]
        ],
        "9": [
            [
                1.0,
                0.9995
            ],
            [
                0.999388888888889,
                0.999
            ],
            [
                0.9999444444444444,
                0.9994999999999999
            ],
            [
                1.0,
                1.0
            ]
        ],
        "10": [
            [
                1.0,
                0.9995
            ],
            [
                0.999388888888889,
                0.9979999999999999
            ],
            [
                0.9998888888888888,
                0.9994999999999999
            ],
            [
                1.0,
                0.9994999999999999
            ]
        ],
        "11": [
            [
                0.9995,
                0.9974999999999999
            ],
            [
                0.9998333333333334,
                0.9984999999999999
            ],
            [
                0.999611111111111,
                0.9984999999999999
            ],
            [
                1.0,
                0.9995
            ]
        ],
        "12": [
            [
                0.9990555555555556,
                0.9984999999999999
            ],
            [
                1.0,
                0.9995
            ],
            [
                0.999388888888889,
                0.999
            ],
            [
                0.9994999999999999,
                0.999
            ]
        ]
    },
    "haddamard": {
        "0": [
            [
                0.6892222222222222,
                0.6260000000000001
            ],
            [
                0.661388888888889,
                0.6085
            ],
            [
                0.7214444444444444,
                0.6375
            ],
            [
                0.6923333333333334,
                0.631
            ]
        ],
        "1": [
            [
                0.8327777777777777,
                0.5814999999999999
            ],
            [
                0.674888888888889,
                0.5325
            ],
            [
                0.9037777777777777,
                0.6095
            ],
            [
                0.8883333333333334,
                0.602
            ]
        ],
        "2": [
            [
                0.8707777777777777,
                0.6144999999999999
            ],
            [
                0.7821666666666666,
                0.5665
            ],
            [
                0.9271111111111111,
                0.611
            ],
            [
                0.9117222222222221,
                0.6184999999999999
            ]
        ],
        "3": [
            [
                0.827388888888889,
                0.596
            ],
            [
                0.947111111111111,
                0.627
            ],
            [
                0.9492777777777779,
                0.6475000000000001
            ],
            [
                0.9554444444444444,
                0.6525000000000001
            ]
        ],
        "4": [
            [
                0.8658888888888889,
                0.6035000000000001
            ],
            [
                0.935888888888889,
                0.5980000000000001
            ],
            [
                0.9556666666666667,
                0.6214999999999999
            ],
            [
                0.937111111111111,
                0.604
            ]
        ],
        "5": [
            [
                0.9229444444444445,
                0.6134999999999999
            ],
            [
                0.8834444444444445,
                0.5930000000000001
            ],
            [
                0.8995555555555557,
                0.598
            ],
            [
                0.8479444444444443,
                0.5795
            ]
        ],
        "6": [
            [
                0.8928888888888888,
                0.595
            ],
            [
                0.8878333333333333,
                0.5824999999999999
            ],
            [
                0.9227777777777778,
                0.6074999999999999
            ],
            [
                0.931111111111111,
                0.6189999999999999
            ]
        ],