{
    "mean": {
        "0": [
            [
                0.9773888888888889,
                0.8690000000000001
            ],
            [
                0.9765,
                0.865
            ],
            [
                0.9770555555555557,
                0.8595
            ],
            [
                0.9807222222222223,
                0.8710000000000001
            ]
        ],
        "1": [
            [
                0.985,
                0.914
            ],
            [
                0.9802222222222221,
                0.9109999999999999
            ],
            [
                0.9839444444444444,
                0.9139999999999999
            ],
            [
                0.9823333333333334,
                0.909
            ]
        ],
        "2": [
            [
                0.9864999999999998,
                0.9305
            ],
            [
                0.9864444444444445,
                0.9225
            ],
            [
                0.9875555555555555,
                0.9334999999999999
            ],
            [
                0.9868888888888889,
                0.9225
            ]
        ],
        "3": [
            [
                0.8968333333333334,
                0.8484999999999999
            ],
            [
                0.7615000000000001,
                0.7185
            ],
            [
                0.985111111111111,
                0.923
            ],
            [
                0.6699444444444443,
                0.6475
            ]
        ],
        "4": [
            [
                0.980388888888889,
                0.9125
            ],
            [
                0.6297222222222223,
                0.614
            ],
            [
                0.9837222222222222,
                0.9200000000000002
            ],
            [
                0.7611666666666667,
                0.726
            ]
        ],
        "5": [
            [
                0.9767222222222223,
                0.8915
            ],
            [
                0.6835,
                0.6505000000000001
            ],
            [
                0.9810000000000002,
                0.9000000000000001
            ],
            [
                0.982,
                0.9029999999999999
            ]
        ],
        "6": [
            [
                0.9801111111111112,
                0.8995000000000001
            ],
            [
                0.9804444444444446,
                0.8944999999999999
            ],
            [
                0.9838333333333334,
                0.8939999999999999
            ],
            [
                0.9857777777777776,
                0.8949999999999999
            ]
        ],
        "7": [
            [
                0.9788333333333334,
                0.8925000000000003
            ],
            [
                0.9800000000000001,
                0.8845000000000001
            ],
            [
                0.9798333333333333,
                0.8880000000000001
            ],
            [
                0.9845555555555556,
                0.882
            ]
        ],
        "8": [
            [
                0.9754444444444443,
                0.8719999999999999
            ],
            [
                0.9344444444444445,
                0.843
            ],
            [
                0.9768888888888888,
                0.869
            ],
            [
                0.9787777777777779,
                0.869
            ]
        ],
        "9": [
            [
                0.7707777777777778,
                0.7049999999999998
            ],
            [
                0.5342222222222223,
                0.5315000000000001
            ],
            [
                0.9740555555555555,
                0.8514999999999999
            ],
            [
                0.7658888888888888,
                0.7085
            ]
        ],
        "10": [
            [
                0.5593333333333333,
                0.5525
            ],
            [
                0.5274444444444445,
                0.517
            ],
            [
                0.6367777777777779,
                0.598
            ],
            [
                0.5481666666666667,
                0.5405000000000001
            ]
        ],
        "11": [
            [
                0.5453333333333334,
                0.537
            ],
            [
                0.5192777777777777,
                0.52
            ],
            [
                0.5397777777777778,
                0.529
            ],
            [
                0.5352777777777777,
                0.5405
            ]
        ],
        "12": [
            [
                0.5358333333333334,
                0.5275000000000001
            ],
            [
                0.5170555555555556,
                0.514
            ],
            [
                0.5295,
                0.5235000000000001
            ],
            [
                0.5301111111111111,
                0.5285000000000001
            ]
        ]
    },
    "haddamard": {
        "0": [
            [
                0.5946666666666667,
                0.5485
            ],
            [
                0.5655,
                0.5075000000000001
            ],
            [
                0.5938888888888889,
                0.5315
            ],
            [
                0.5462777777777779,
                0.514
            ]
        ],
        "1": [
            [
                0.5955555555555555,
                0.4925
            ],
            [
                0.5911666666666667,
                0.4995000000000001
            ],
            [
                0.5982222222222222,
                0.5045
            ],
            [
                0.5885,
                0.4940000000000001
            ]
        ],
        "2": [
            [
                0.6023333333333334,
                0.5185
            ],
            [
                0.5418888888888889,
                0.4965
            ],
            [
                0.6006666666666667,
                0.512
            ],
            [
                0.5892222222222222,
                0.503
            ]
        ],
        "3": [
            [
                0.572111111111111,
                0.5039999999999999
            ],
            [
                0.5453888888888888,
                0.5035000000000001
            ],
            [
                0.5805,
                0.49949999999999994
            ],
            [
                0.5652222222222222,
                0.49799999999999994
            ]
        ],
        "4": [
            [
                0.5658888888888889,
                0.5075000000000001
            ],
            [
                0.5434444444444444,
                0.5065000000000001
            ],
            [
                0.5724444444444444,
                0.4959999999999999
            ],
            [
                0.5705,
                0.5055000000000001
            ]
        ],
        "5": [
            [
                0.5554444444444446,
                0.499
            ],
            [
                0.5398333333333334,
                0.502
            ],
            [
                0.5596666666666666,
                0.49450000000000005
            ],
            [
                0.5577777777777777,
                0.4995000000000001
            ]
        ],
        "6": [
            [
                0.5455555555555556,
                0.49899999999999994
            ],
            [
                0.5325,
                0.4955
            ],
            [
                0.5580555555555555,
                0.5035000000000001
            ],
            [
                0.5503888888888889,
                0.488
            ]
        ],