{
    "mean": {
        "0": [
            [
                0.9887222222222223,
                0.8885
            ],
            [
                0.9882777777777777,
                0.8915000000000001
            ],
            [
                0.9857777777777776,
                0.9
            ],
            [
                0.9884999999999999,
                0.901
            ]
        ],
        "1": [
            [
                0.9960555555555555,
                0.9484999999999999
            ],
            [
                0.9947222222222221,
                0.9494999999999999
            ],
            [
                0.9948888888888889,
                0.9470000000000001
            ],
            [
                0.9942777777777778,
                0.9479999999999998
            ]
        ],
        "2": [
            [
                0.9968888888888887,
                0.9620000000000001
            ],
            [
                0.9971666666666665,
                0.961
            ],
            [
                0.9957222222222223,
                0.9574999999999999
            ],
            [
                0.9961111111111111,
                0.954
            ]
        ],
        "3": [
            [
                0.9981666666666665,
                0.9710000000000001
            ],
            [
                0.998,
                0.9675
            ],
            [
                0.9972777777777777,
                0.9695
            ],
            [
                0.9955,
                0.967
            ]
        ],
        "4": [
            [
                0.9973333333333333,
                0.9754999999999999
            ],
            [
                0.9972222222222221,
                0.976
            ],
            [
                0.9978333333333331,
                0.9730000000000001
            ],
            [
                0.9961111111111111,
                0.9705
            ]
        ],
        "5": [
            [
                0.9983888888888888,
                0.9795
            ],
            [
                0.9974444444444444,
                0.978
            ],
            [
                0.9978333333333333,
                0.9780000000000001
            ],
            [
                0.9974999999999999,
                0.9795000000000001
            ]
        ],
        "6": [
            [
                0.9987222222222222,
                0.9844999999999999
            ],
            [
                0.9984444444444444,
                0.9814999999999999
            ],
            [
                0.9982222222222221,
                0.9789999999999999
            ],
            [
                0.9988333333333334,
                0.9855
            ]
        ],
        "7": [
            [
                0.9991111111111112,
                0.9814999999999999
            ],
            [
                0.9981666666666665,
                0.9785
            ],
            [
                0.9972777777777777,
                0.9814999999999999
            ],
            [
                0.9983888888888888,
                0.9824999999999999
            ]
        ],
        "8": [
            [
                0.9992777777777778,
                0.9804999999999999
            ],
            [
                0.9988888888888889,
                0.983
            ],
            [
                0.9988888888888889,
                0.9875
            ],
            [
                0.9978333333333333,
                0.9865
            ]
        ],
        "9": [
            [
                0.9992222222222222,
                0.9814999999999999
            ],
            [
                0.9983888888888888,
                0.982
            ],
            [
                0.9978888888888887,
                0.985
            ],
            [
                0.9972777777777777,
                0.9835
            ]
        ],
        "10": [
            [
                0.9978888888888889,
                0.9760000000000002
            ],
            [
                0.9973333333333333,
                0.977
            ],
            [
                0.9983888888888888,
                0.9795
            ],
            [
                0.9962222222222221,
                0.9709999999999999
            ]
        ],
        "11": [
            [
                0.9961111111111111,
                0.9650000000000001
            ],
            [
                0.9961666666666666,
                0.9635
            ],
            [
                0.9971111111111111,
                0.9685
            ],
            [
                0.9958888888888888,
                0.968
            ]
        ],
        "12": [
            [
                0.992388888888889,
                0.9465
            ],
            [
                0.9952777777777779,
                0.9544999999999998
            ],
            [
                0.9949444444444445,
                0.9564999999999999
            ],
            [
                0.9921666666666666,
                0.95
            ]
        ]
    },
    "haddamard": {
        "0": [
            [
                0.6036666666666667,
                0.5665
            ],
            [
                0.5890555555555556,
                0.5419999999999999
            ],
            [
                0.5808888888888888,
                0.5449999999999999
            ],
            [
                0.6196666666666667,
                0.567
            ]
        ],
        "1": [
            [
                0.7391666666666666,
                0.5605
            ],
            [
                0.6188333333333333,
                0.4959999999999999
            ],
            [
                0.7171111111111111,
                0.5519999999999999
            ],
            [
                0.7865,
                0.534
            ]
        ],
        "2": [
            [
                0.7336666666666667,
                0.5655
            ],
            [
                0.8729999999999999,
                0.5389999999999999
            ],
            [
                0.8536666666666667,
                0.5605
            ],
            [
                0.8699444444444445,
                0.5565
            ]
        ],
        "3": [
            [
                0.8135,
                0.5549999999999999
            ],
            [
                0.5638888888888889,
                0.48949999999999994
            ],
            [
                0.8364444444444444,
                0.5275000000000001
            ],
            [
                0.7917222222222222,
                0.5119999999999999
            ]
        ],
        "4": [
            [
                0.6785,
                0.55
            ],
            [
                0.6130555555555555,
                0.5035000000000001
            ],
            [
                0.7444444444444446,
                0.5319999999999999
            ],
            [
                0.8505555555555555,
                0.533
            ]
        ],
        "5": [
            [
                0.6494444444444445,
                0.5425
            ],
            [
                0.665611111111111,
                0.49850000000000005
            ],
            [
                0.7694444444444444,
                0.538
            ],
            [
                0.8205000000000002,
                0.5294999999999999
            ]
        ],
        "6": [
            [
                0.618,
                0.547
            ],
            [
                0.5731111111111111,
                0.49750000000000005
            ],
            [
                0.6892777777777778,
                0.533
            ],
            [
                0.7426666666666666,
                0.535
            ]
        ],