{
    "mean": {
        "0": [
            [
                0.9994444444444444,
                0.9934999999999998
            ],
            [
                0.9986111111111111,
                0.9945
            ],
            [
                0.9991666666666668,
                0.9954999999999998
            ],
            [
                0.999388888888889,
                0.9964999999999999
            ]
        ],
        "1": [
            [
                0.9995,
                0.9974999999999999
            ],
            [
                0.9982222222222223,
                0.9925
            ],
            [
                0.999,
                0.9950000000000001
            ],
            [
                0.9992222222222222,
                0.9955
            ]
        ],
        "2": [
            [
                0.9999444444444444,
                0.999
            ],
            [
                0.9985555555555555,
                0.9959999999999999
            ],
            [
                0.9994444444444444,
                0.9964999999999999
            ],
            [
                0.9975555555555555,
                0.9935
            ]
        ],
        "3": [
            [
                0.9999444444444444,
                0.999
            ],
            [
                0.9991666666666668,
                0.9970000000000001
            ],
            [
                0.9994444444444444,
                0.9959999999999999
            ],
            [
                0.9983333333333333,
                0.9965000000000002
            ]
        ],
        "4": [
            [
                1.0,
                1.0
            ],
            [
                0.9989444444444444,
                0.9975000000000002
            ],
            [
                0.9990555555555554,
                0.9944999999999998
            ],
            [
                0.9972222222222221,
                0.9949999999999999
            ]
        ],
        "5": [
            [
                1.0,
                0.9995
            ],
            [
                0.9972777777777777,
                0.994
            ],
            [
                0.9986111111111111,
                0.998
            ],
            [
                0.9983333333333333,
                0.9970000000000001
            ]
        ],
        "6": [
            [
                0.9994999999999999,
                0.9995
            ],
            [
                0.9964999999999998,
                0.9964999999999999
            ],
            [
                0.9994999999999999,
                0.9995
            ],
            [
                0.999611111111111,
                0.9995
            ]
        ],
        "7": [
            [
                0.9991111111111112,
                0.9984999999999999
            ],
            [
                0.9977222222222222,
                0.9970000000000001
            ],
            [
                0.9989444444444444,
                0.999
            ],
            [
                0.9994999999999999,
                0.999
            ]
        ],
        "8": [
            [
                0.998,
                0.9974999999999999
            ],
            [
                0.9991111111111112,
                0.9964999999999999
            ],
            [
                0.9992777777777778,
                0.9974999999999999
            ],
            [
                0.9983333333333333,
                0.9969999999999999
            ]
        ],
        "9": [
            [
                0.9986111111111111,
                0.9974999999999999
            ],
            [
                0.9992777777777778,
                0.9970000000000001
            ],
            [
                0.9993333333333332,
                0.998
            ],
            [
                0.9979999999999999,
                0.9964999999999999
            ]
        ],
        "10": [
            [
                0.9982777777777777,
                0.9974999999999999
            ],
            [
                0.9991666666666665,
                0.9974999999999999
            ],
            [
                0.9984999999999999,
                0.9984999999999999
            ],
            [
                0.9991111111111112,
                0.998
            ]
        ],
        "11": [
            [
                0.999,
                0.9974999999999999
            ],
            [
                0.9991666666666665,
                0.9964999999999999
            ],
            [
                0.9979999999999999,
                0.9959999999999999
            ],
            [
                0.999611111111111,
                0.9974999999999999
            ]
        ],
        "12": [
            [
                0.9988333333333334,
                0.9970000000000001
            ],
            [
                0.9989444444444443,
                0.9955
            ],
            [
                0.9994444444444444,
                0.9970000000000001
            ],
            [
                0.9983888888888888,
                0.9969999999999999
            ]
        ]
    },
    "haddamard": {
        "0": [
            [
                0.6308888888888888,
                0.5875
            ],
            [
                0.6292777777777777,
                0.5814999999999999
            ],
            [
                0.6203333333333334,
                0.576
            ],
            [
                0.6411666666666667,
                0.5904999999999998
            ]
        ],
        "1": [
            [
                0.6948333333333333,
                0.563
            ],
            [
                0.7582222222222221,
                0.5455000000000001
            ],
            [
                0.7314444444444445,
                0.542
            ],
            [
                0.6643888888888889,
                0.5175
            ]
        ],
        "2": [
            [
                0.8364444444444444,
                0.5744999999999999
            ],
            [
                0.5766666666666667,
                0.518
            ],
            [
                0.8499444444444444,
                0.5559999999999999
            ],
            [
                0.7523888888888889,
                0.528
            ]
        ],
        "3": [
            [
                0.725111111111111,
                0.545
            ],
            [
                0.6942777777777778,
                0.5225
            ],
            [
                0.729,
                0.54
            ],
            [
                0.7936111111111112,
                0.563
            ]
        ],
        "4": [
            [
                0.7218333333333333,
                0.549
            ],
            [
                0.7575555555555555,
                0.5325
            ],
            [
                0.9147222222222222,
                0.5685
            ],
            [
                0.9047222222222221,
                0.566
            ]
        ],
        "5": [
            [
                0.7357222222222222,
                0.5469999999999999
            ],
            [
                0.5967777777777779,
                0.5145
            ],
            [
                0.8935555555555557,
                0.5625
            ],
            [
                0.831388888888889,
                0.5605
            ]
        ],
        "6": [
            [
                0.8472222222222221,
                0.5775
            ],
            [
                0.8011111111111111,
                0.536
            ],
            [
                0.7986111111111112,
                0.5564999999999999
            ],
            [
                0.8992222222222221,
                0.571
            ]
        ],