{
    "mean": {
        "0": [
            [
                0.9993333333333334,
                0.9925
            ],
            [
                1.0,
                0.998
            ],
            [
                0.9976666666666667,
                0.9884999999999998
            ],
            [
                0.9992777777777778,
                0.9939999999999998
            ]
        ],
        "1": [
            [
                0.9992777777777777,
                0.9955
            ],
            [
                0.9972777777777779,
                0.9919999999999998
            ],
            [
                0.999388888888889,
                0.9949999999999999
            ],
            [
                0.9998888888888888,
                0.998
            ]
        ],
        "2": [
            [
                1.0,
                0.999
            ],
            [
                0.9981666666666665,
                0.9959999999999999
            ],
            [
                0.9998333333333334,
                0.999
            ],
            [
                1.0,
                1.0
            ]
        ],
        "3": [
            [
                1.0,
                0.999
            ],
            [
                0.9993333333333334,
                0.9984999999999999
            ],
            [
                1.0,
                0.999
            ],
            [
                0.9984444444444446,
                0.9984999999999999
            ]
        ],
        "4": [
            [
                0.9984999999999999,
                0.9979999999999999
            ],
            [
                0.9989444444444444,
                0.9974999999999999
            ],
            [
                0.999388888888889,
                0.998
            ],
            [
                0.9977222222222222,
                0.9955
            ]
        ],
        "5": [
            [
                0.9991666666666668,
                0.9974999999999999
            ],
            [
                0.9968333333333333,
                0.9924999999999999
            ],
            [
                0.9995555555555555,
                0.998
            ],
            [
                0.9983333333333333,
                0.9974999999999999
            ]
        ],
        "6": [
            [
                0.9998333333333334,
                0.9995
            ],
            [
                0.9979444444444445,
                0.9964999999999999
            ],
            [
                1.0,
                0.9984999999999999
            ],
            [
                0.9981666666666665,
                0.998
            ]
        ],
        "7": [
            [
                0.9993333333333332,
                0.9974999999999999
            ],
            [
                0.9993888888888888,
                0.9984999999999999
            ],
            [
                0.999388888888889,
                0.9984999999999999
            ],
            [
                0.9989444444444444,
                0.998
            ]
        ],
        "8": [
            [
                0.9970555555555555,
                0.9955
            ],
            [
                0.9987777777777778,
                0.9964999999999998
            ],
            [
                0.9968333333333332,
                0.994
            ],
            [
                0.998,
                0.998
            ]
        ],
        "9": [
            [
                0.9971666666666665,
                0.9959999999999999
            ],
            [
                0.9966111111111109,
                0.9959999999999999
            ],
            [
                0.9954444444444442,
                0.9939999999999998
            ],
            [
                0.9974999999999999,
                0.9970000000000001
            ]
        ],
        "10": [
            [
                0.9969444444444443,
                0.9954999999999998
            ],
            [
                0.9944999999999998,
                0.9935
            ],
            [
                0.9979444444444445,
                0.9949999999999999
            ],
            [
                0.9979999999999999,
                0.9949999999999999
            ]
        ],
        "11": [
            [
                0.9975555555555555,
                0.9949999999999999
            ],
            [
                0.9975555555555555,
                0.9954999999999998
            ],
            [
                0.9977222222222222,
                0.9954999999999998
            ],
            [
                0.9991111111111112,
                0.9970000000000001
            ]
        ],
        "12": [
            [
                0.9980555555555555,
                0.9955
            ],
            [
                0.9991111111111112,
                0.9949999999999999
            ],
            [
                0.9989444444444444,
                0.9945
            ],
            [
                0.9994444444444446,
                0.9984999999999999
            ]
        ]
    },
    "haddamard": {
        "0": [
            [
                0.6376111111111111,
                0.5765
            ],
            [
                0.6332222222222222,
                0.5800000000000001
            ],
            [
                0.6107222222222222,
                0.5690000000000001
            ],
            [
                0.6322222222222222,
                0.5860000000000001
            ]
        ],
        "1": [
            [
                0.7708333333333334,
                0.546
            ],
            [
                0.7368333333333335,
                0.5469999999999999
            ],
            [
                0.6808333333333333,
                0.5499999999999999
            ],
            [
                0.7813888888888889,
                0.5585000000000001
            ]
        ],
        "2": [
            [
                0.859611111111111,
                0.575
            ],
            [
                0.8113888888888889,
                0.5655
            ],
            [
                0.8262222222222222,
                0.5710000000000001
            ],
            [
                0.7801666666666666,
                0.5694999999999999
            ]
        ],
        "3": [
            [
                0.9164999999999999,
                0.5675
            ],
            [
                0.7384444444444445,
                0.5485
            ],
            [
                0.6582777777777777,
                0.5329999999999999
            ],
            [
                0.7600555555555556,
                0.5665
            ]
        ],
        "4": [
            [
                0.7254444444444446,
                0.536
            ],
            [
                0.8806111111111111,
                0.5805
            ],
            [
                0.8841111111111111,
                0.5820000000000001
            ],
            [
                0.8663333333333334,
                0.5944999999999999
            ]
        ],
        "5": [
            [
                0.9255555555555555,
                0.581
            ],
            [
                0.8856666666666667,
                0.5860000000000001
            ],
            [
                0.8658333333333333,
                0.575
            ],
            [
                0.8428888888888888,
                0.5634999999999999
            ]
        ],