{
    "mean": {
        "0": [
            [
                0.9973888888888889,
                0.994
            ],
            [
                0.999388888888889,
                0.9935
            ],
            [
                0.9987777777777778,
                0.9955
            ],
            [
                0.9986111111111111,
                0.994
            ]
        ],
        "1": [
            [
                0.9998888888888888,
                0.9959999999999999
            ],
            [
                0.9984444444444446,
                0.9935
            ],
            [
                0.9991666666666668,
                0.9955
            ],
            [
                0.9987777777777778,
                0.9969999999999999
            ]
        ],
        "2": [
            [
                0.9997777777777778,
                0.9974999999999999
            ],
            [
                0.9975555555555555,
                0.9950000000000001
            ],
            [
                1.0,
                0.9979999999999999
            ],
            [
                0.9983888888888888,
                0.9974999999999999
            ]
        ],
        "3": [
            [
                1.0,
                0.999
            ],
            [
                0.9982222222222221,
                0.9974999999999999
            ],
            [
                0.9981666666666668,
                0.9959999999999999
            ],
            [
                0.9984999999999999,
                0.9974999999999999
            ]
        ],
        "4": [
            [
                0.9987222222222222,
                0.9985000000000002
            ],
            [
                0.9992777777777778,
                0.9984999999999999
            ],
            [
                0.9992777777777778,
                0.9984999999999999
            ],
            [
                0.9981666666666665,
                0.9969999999999999
            ]
        ],
        "5": [
            [
                0.9994444444444446,
                0.999
            ],
            [
                0.9997777777777778,
                0.998
            ],
            [
                0.9998333333333334,
                0.999
            ],
            [
                0.9994444444444446,
                0.9994999999999999
            ]
        ],
        "6": [
            [
                0.9995,
                0.9994999999999999
            ],
            [
                0.9997222222222222,
                0.9995
            ],
            [
                0.9994999999999999,
                0.9995
            ],
            [
                0.9995,
                0.9994999999999999
            ]
        ],
        "7": [
            [
                1.0,
                0.9994999999999999
            ],
            [
                0.9994444444444446,
                0.999
            ],
            [
                1.0,
                1.0
            ],
            [
                1.0,
                1.0
            ]
        ],
        "8": [
            [
                1.0,
                0.9994999999999999
            ],
            [
                1.0,
                1.0
            ],
            [
                1.0,
                1.0
            ],
            [
                1.0,
                1.0
            ]
        ],
        "9": [
            [
                1.0,
                0.9995
            ],
            [
                1.0,
                1.0
            ],
            [
                1.0,
                1.0
            ],
            [
                0.9994999999999999,
                0.9995
            ]
        ],
        "10": [
            [
                1.0,
                0.9995
            ],
            [
                1.0,
                1.0
            ],
            [
                1.0,
                0.9995
            ],
            [
                0.9994999999999999,
                0.9995
            ]
        ],
        "11": [
            [
                0.9991666666666668,
                0.9979999999999999
            ],
            [
                1.0,
                0.9994999999999999
            ],
            [
                0.9998333333333334,
                0.999
            ],
            [
                0.9994999999999999,
                0.9995
            ]
        ],
        "12": [
            [
                0.9984999999999999,
                0.9969999999999999
            ],
            [
                0.9986111111111111,
                0.9975000000000002
            ],
            [
                0.9997222222222222,
                0.999
            ],
            [
                0.9997777777777778,
                0.9994999999999999
            ]
        ]
    },
    "haddamard": {
        "0": [
            [
                0.6636666666666666,
                0.5984999999999999
            ],
            [
                0.6443333333333333,
                0.5880000000000001
            ],
            [
                0.6511111111111111,
                0.585
            ],
            [
                0.6682777777777777,
                0.6054999999999999
            ]
        ],
        "1": [
            [
                0.8358888888888888,
                0.5695
            ],
            [
                0.7378888888888889,
                0.5459999999999999
            ],
            [
                0.7587222222222222,
                0.5635
            ],
            [
                0.7816666666666666,
                0.5695
            ]
        ],
        "2": [
            [
                0.7732222222222223,
                0.5599999999999999
            ],
            [
                0.6836666666666666,
                0.5335000000000001
            ],
            [
                0.7977777777777778,
                0.5775
            ],
            [
                0.7332777777777778,
                0.5519999999999999
            ]
        ],
        "3": [
            [
                0.6872222222222223,
                0.541
            ],
            [
                0.723,
                0.5464999999999999
            ],
            [
                0.9526666666666668,
                0.643
            ],
            [
                0.9538333333333334,
                0.6399999999999999
            ]
        ],
        "4": [
            [
                0.7236111111111111,
                0.5214999999999999
            ],
            [
                0.797611111111111,
                0.554
            ],
            [
                0.818,
                0.5635
            ],
            [
                0.8486111111111111,
                0.568
            ]
        ],
        "5": [
            [
                0.8158888888888889,
                0.5664999999999999
            ],
            [
                0.7374444444444445,
                0.5439999999999999
            ],
            [
                0.7584444444444445,
                0.5455
            ],
            [
                0.8301666666666666,
                0.5814999999999999
            ]
        ],
        "6": [
            [
                0.8964444444444444,
                0.584
            ],
            [
                0.7850555555555555,
                0.5650000000000001
            ],
            [
                0.8874444444444445,
                0.5854999999999999
            ],
            [
                0.8028333333333334,
                0.5675
            ]
        ],