{
    "mean": {
        "0": [
            [
                0.9968333333333333,
                0.9745000000000001
            ],
            [
                0.9980555555555555,
                0.977
            ],
            [
                0.9966666666666667,
                0.9755
            ],
            [
                0.9978888888888889,
                0.9765
            ]
        ],
        "1": [
            [
                0.9957222222222223,
                0.9755
            ],
            [
                0.9964444444444445,
                0.9749999999999999
            ],
            [
                0.9978333333333336,
                0.9775
            ],
            [
                0.9968888888888889,
                0.9734999999999999
            ]
        ],
        "2": [
            [
                0.9961111111111111,
                0.9730000000000001
            ],
            [
                0.9942222222222222,
                0.9694999999999998
            ],
            [
                0.998111111111111,
                0.978
            ],
            [
                0.9993333333333334,
                0.977
            ]
        ],
        "3": [
            [
                0.9958333333333332,
                0.9775
            ],
            [
                0.9936666666666667,
                0.97
            ],
            [
                0.9984999999999999,
                0.9775
            ],
            [
                0.9980555555555555,
                0.9745000000000001
            ]
        ],
        "4": [
            [
                0.9966666666666667,
                0.9795
            ],
            [
                0.9960555555555555,
                0.976
            ],
            [
                0.9986666666666666,
                0.9825000000000002
            ],
            [
                0.998388888888889,
                0.976
            ]
        ],
        "5": [
            [
                0.9968333333333332,
                0.9795000000000001
            ],
            [
                0.9920555555555556,
                0.9695
            ],
            [
                0.9961666666666666,
                0.9780000000000001
            ],
            [
                0.9979999999999999,
                0.978
            ]
        ],
        "6": [
            [
                0.9967777777777778,
                0.9810000000000001
            ],
            [
                0.9931111111111111,
                0.9724999999999999
            ],
            [
                0.9962777777777779,
                0.9815000000000002
            ],
            [
                0.9982777777777778,
                0.978
            ]
        ],
        "7": [
            [
                0.9974444444444444,
                0.9804999999999999
            ],
            [
                0.9921111111111112,
                0.9710000000000001
            ],
            [
                0.9984444444444444,
                0.9815000000000002
            ],
            [
                0.9974444444444444,
                0.9800000000000001
            ]
        ],
        "8": [
            [
                0.9984999999999999,
                0.9795
            ],
            [
                0.9896111111111111,
                0.9715
            ],
            [
                0.9978888888888889,
                0.982
            ],
            [
                0.9969444444444445,
                0.977
            ]
        ],
        "9": [
            [
                0.9972777777777777,
                0.9800000000000001
            ],
            [
                0.9955555555555555,
                0.9765
            ],
            [
                0.9963333333333333,
                0.9754999999999999
            ],
            [
                0.9962222222222221,
                0.9764999999999999
            ]
        ],
        "10": [
            [
                0.9967222222222221,
                0.9795
            ],
            [
                0.9971111111111111,
                0.9760000000000002
            ],
            [
                0.9975555555555555,
                0.977
            ],
            [
                0.9979444444444445,
                0.9799999999999999
            ]
        ],
        "11": [
            [
                0.9958333333333332,
                0.9755
            ],
            [
                0.9943333333333333,
                0.9695
            ],
            [
                0.9938888888888888,
                0.9695
            ],
            [
                0.9980555555555556,
                0.9775
            ]
        ],
        "12": [
            [
                0.9970555555555555,
                0.9734999999999999
            ],
            [
                0.9959999999999999,
                0.9720000000000001
            ],
            [
                0.9963333333333333,
                0.966
            ],
            [
                0.9977777777777777,
                0.9730000000000001
            ]
        ]
    },
    "haddamard": {
        "0": [
            [
                0.7343333333333334,
                0.6035
            ],
            [
                0.7321111111111112,
                0.6104999999999999
            ],
            [
                0.7438333333333333,
                0.605
            ],
            [
                0.7344444444444445,
                0.616
            ]
        ],
        "1": [
            [
                0.9021111111111111,
                0.5705
            ],
            [
                0.9048333333333334,
                0.588
            ],
            [
                0.9376111111111112,
                0.5955
            ],
            [
                0.8700555555555557,
                0.575
            ]
        ],
        "2": [
            [
                0.9477777777777778,
                0.6105
            ],
            [
                0.9121666666666668,
                0.6005
            ],
            [
                0.8985555555555556,
                0.617
            ],
            [
                0.9013888888888889,
                0.609
            ]
        ],
        "3": [
            [
                0.9372222222222224,
                0.6210000000000001
            ],
            [
                0.9491111111111111,
                0.6339999999999999
            ],
            [
                0.7957777777777778,
                0.5855
            ],
            [
                0.9327777777777777,
                0.6154999999999999
            ]
        ],
        "4": [
            [
                0.963111111111111,
                0.619
            ],
            [
                0.9522777777777778,
                0.6105
            ],
            [
                0.873888888888889,
                0.6040000000000001
            ],
            [
                0.9134444444444444,
                0.6005
            ]
        ],
        "5": [
            [
                0.9520555555555557,
                0.6365
            ],
            [
                0.937,
                0.615
            ],
            [
                0.8641666666666665,
                0.5960000000000001
            ],
            [
                0.9376111111111112,
                0.6295
            ]
        ],
        "6": [
            [
                0.9342777777777777,
                0.6504999999999999
            ],
            [
                0.8932222222222224,
                0.6209999999999999
            ],
            [
                0.9172777777777776,
                0.6185
            ],
            [
                0.8691111111111111,
                0.6260000000000001
            ]
        ],