{
    "mean": {
        "0": [
            [
                0.9917777777777778,
                0.9515
            ],
            [
                0.9885555555555555,
                0.9460000000000001
            ],
            [
                0.9832222222222222,
                0.9344999999999999
            ],
            [
                0.9869444444444444,
                0.938
            ]
        ],
        "1": [
            [
                0.9886666666666667,
                0.9269999999999999
            ],
            [
                0.9865555555555554,
                0.9355
            ],
            [
                0.9862777777777776,
                0.931
            ],
            [
                0.9891666666666667,
                0.933
            ]
        ],
        "2": [
            [
                0.9883888888888889,
                0.9344999999999999
            ],
            [
                0.9874444444444445,
                0.9355
            ],
            [
                0.9865555555555554,
                0.9365
            ],
            [
                0.9915555555555556,
                0.9375
            ]
        ],
        "3": [
            [
                0.9940000000000001,
                0.9560000000000001
            ],
            [
                0.9918333333333335,
                0.952
            ],
            [
                0.9915555555555556,
                0.9530000000000001
            ],
            [
                0.9942777777777779,
                0.9510000000000002
            ]
        ],
        "4": [
            [
                0.9939444444444444,
                0.9615
            ],
            [
                0.9932777777777778,
                0.9635
            ],
            [
                0.9948333333333332,
                0.9575000000000001
            ],
            [
                0.9951666666666668,
                0.959
            ]
        ],
        "5": [
            [
                0.9929444444444444,
                0.96
            ],
            [
                0.9940000000000001,
                0.962
            ],
            [
                0.994111111111111,
                0.9585000000000001
            ],
            [
                0.9959999999999999,
                0.9665000000000001
            ]
        ],
        "6": [
            [
                0.9925555555555554,
                0.9640000000000001
            ],
            [
                0.9945555555555556,
                0.962
            ],
            [
                0.9947222222222221,
                0.9640000000000001
            ],
            [
                0.9950000000000001,
                0.9635
            ]
        ],
        "7": [
            [
                0.9942777777777778,
                0.9584999999999999
            ],
            [
                0.9933333333333334,
                0.961
            ],
            [
                0.9911111111111112,
                0.9524999999999999
            ],
            [
                0.9934444444444445,
                0.9569999999999999
            ]
        ],
        "8": [
            [
                0.9919444444444444,
                0.9535
            ],
            [
                0.9897222222222222,
                0.9475
            ],
            [
                0.9909444444444444,
                0.953
            ],
            [
                0.9938333333333335,
                0.954
            ]
        ],
        "9": [
            [
                0.9913888888888888,
                0.943
            ],
            [
                0.9880555555555557,
                0.944
            ],
            [
                0.9867777777777779,
                0.9425000000000001
            ],
            [
                0.9911666666666668,
                0.945
            ]
        ],
        "10": [
            [
                0.9923333333333334,
                0.944
            ],
            [
                0.9898888888888889,
                0.9405000000000001
            ],
            [
                0.9884444444444446,
                0.944
            ],
            [
                0.9929444444444446,
                0.9405000000000001
            ]
        ],
        "11": [
            [
                0.9928333333333335,
                0.944
            ],
            [
                0.9903888888888888,
                0.943
            ],
            [
                0.9875555555555555,
                0.9359999999999999
            ],
            [
                0.9945555555555557,
                0.9395000000000001
            ]
        ],
        "12": [
            [
                0.9918333333333333,
                0.9305
            ],
            [
                0.9868333333333332,
                0.9275
            ],
            [
                0.9875555555555555,
                0.925
            ],
            [
                0.9927222222222223,
                0.9269999999999999
            ]
        ]
    },
    "haddamard": {
        "0": [
            [
                0.6113333333333333,
                0.537
            ],
            [
                0.6108333333333335,
                0.5455000000000001
            ],
            [
                0.5926111111111111,
                0.5365
            ],
            [
                0.6119444444444444,
                0.5375
            ]
        ],
        "1": [
            [
                0.6048333333333333,
                0.5029999999999999
            ],
            [
                0.5900000000000001,
                0.5225000000000001
            ],
            [
                0.6241666666666668,
                0.5229999999999999
            ],
            [
                0.6004444444444446,
                0.51
            ]
        ],
        "2": [
            [
                0.6245555555555555,
                0.5235000000000001
            ],
            [
                0.5683888888888889,
                0.51
            ],
            [
                0.609,
                0.5235
            ],
            [
                0.5975,
                0.5009999999999999
            ]
        ],
        "3": [
            [
                0.6250555555555555,
                0.5199999999999999
            ],
            [
                0.5596111111111111,
                0.5005000000000001
            ],
            [
                0.6185,
                0.5085
            ],
            [
                0.6062222222222222,
                0.5050000000000001
            ]
        ],
        "4": [
            [
                0.6266111111111112,
                0.529
            ],
            [
                0.5833333333333334,
                0.5035000000000001
            ],
            [
                0.6412777777777777,
                0.5425000000000001
            ],
            [
                0.6077222222222222,
                0.5075
            ]
        ],
        "5": [
            [
                0.7559444444444444,
                0.541
            ],
            [
                0.6338333333333334,
                0.5285
            ],
            [
                0.6396666666666666,
                0.538
            ],
            [
                0.644388888888889,
                0.5305000000000001
            ]
        ],
        "6": [
            [
                0.7323333333333333,
                0.5505
            ],
            [
                0.8439444444444444,
                0.5879999999999999
            ],
            [
                0.7997222222222222,
                0.5814999999999999
            ],
            [
                0.7654444444444444,
                0.5505000000000001
            ]
        ],