{
    "mean": {
        "0": [
            [
                0.7268333333333332,
                0.7125
            ],
            [
                0.7203888888888887,
                0.7065
            ],
            [
                0.7243333333333333,
                0.7074999999999999
            ],
            [
                0.726611111111111,
                0.714
            ]
        ],
        "1": [
            [
                0.9855555555555554,
                0.924
            ],
            [
                0.9846666666666666,
                0.9259999999999999
            ],
            [
                0.9882222222222221,
                0.9225
            ],
            [
                0.9892222222222223,
                0.932
            ]
        ],
        "2": [
            [
                0.9929444444444444,
                0.9655000000000001
            ],
            [
                0.9930555555555557,
                0.961
            ],
            [
                0.9953888888888889,
                0.9670000000000002
            ],
            [
                0.9947777777777776,
                0.9659999999999999
            ]
        ],
        "3": [
            [
                0.9993888888888888,
                0.9854999999999998
            ],
            [
                0.9981666666666668,
                0.9844999999999999
            ],
            [
                0.9991666666666668,
                0.9834999999999999
            ],
            [
                0.9989444444444444,
                0.9865
            ]
        ],
        "4": [
            [
                0.9996666666666666,
                0.9919999999999998
            ],
            [
                0.9988333333333334,
                0.99
            ],
            [
                0.999388888888889,
                0.9954999999999998
            ],
            [
                0.9997777777777778,
                0.9964999999999999
            ]
        ],
        "5": [
            [
                0.9988333333333334,
                0.9934999999999998
            ],
            [
                0.9994999999999999,
                0.9945
            ],
            [
                0.998,
                0.9935
            ],
            [
                0.9979999999999999,
                0.9935
            ]
        ],
        "6": [
            [
                0.999,
                0.9904999999999999
            ],
            [
                0.9994444444444446,
                0.9924999999999999
            ],
            [
                0.9995555555555555,
                0.994
            ],
            [
                0.9987777777777778,
                0.992
            ]
        ],
        "7": [
            [
                0.9967777777777778,
                0.9934999999999998
            ],
            [
                0.999,
                0.9959999999999999
            ],
            [
                0.9988888888888889,
                0.9964999999999999
            ],
            [
                0.9963888888888889,
                0.991
            ]
        ],
        "8": [
            [
                0.9976111111111111,
                0.993
            ],
            [
                0.9977777777777778,
                0.994
            ],
            [
                0.9986666666666666,
                0.9964999999999999
            ],
            [
                0.9961111111111111,
                0.9924999999999999
            ]
        ],
        "9": [
            [
                0.9994444444444446,
                0.9964999999999999
            ],
            [
                0.9978333333333331,
                0.9924999999999999
            ],
            [
                0.9995,
                0.9964999999999999
            ],
            [
                0.9986111111111111,
                0.9945
            ]
        ],
        "10": [
            [
                1.0,
                0.9974999999999999
            ],
            [
                0.9981666666666665,
                0.9925
            ],
            [
                1.0,
                0.9974999999999999
            ],
            [
                0.9993333333333334,
                0.9969999999999999
            ]
        ],
        "11": [
            [
                0.9993333333333334,
                0.9944999999999998
            ],
            [
                0.998388888888889,
                0.9914999999999999
            ],
            [
                0.9999444444444444,
                0.9984999999999999
            ],
            [
                0.9988888888888889,
                0.9914999999999999
            ]
        ],
        "12": [
            [
                0.9977777777777778,
                0.9899999999999999
            ],
            [
                0.999611111111111,
                0.9894999999999999
            ],
            [
                0.9993333333333334,
                0.994
            ],
            [
                0.998388888888889,
                0.9894999999999999
            ]
        ]
    },
    "haddamard": {
        "0": [
            [
                0.824388888888889,
                0.7344999999999999
            ],
            [
                0.8382222222222223,
                0.7259999999999999
            ],
            [
                0.8319444444444445,
                0.725
            ],
            [
                0.8371666666666666,
                0.7220000000000001
            ]
        ],
        "1": [
            [
                0.634611111111111,
                0.5415
            ],
            [
                0.5830555555555555,
                0.524
            ],
            [
                0.6417222222222222,
                0.5319999999999999
            ],
            [
                0.6336111111111111,
                0.542
            ]
        ],
        "2": [
            [
                0.6376666666666667,
                0.542
            ],
            [
                0.5733333333333334,
                0.5085000000000001
            ],
            [
                0.7501666666666666,
                0.546
            ],
            [
                0.6545,
                0.5405
            ]
        ],
        "3": [
            [
                0.7422777777777777,
                0.5615
            ],
            [
                0.6318333333333332,
                0.5335
            ],
            [
                0.9178333333333335,
                0.6090000000000001
            ],
            [
                0.9261666666666667,
                0.6174999999999999
            ]
        ],
        "4": [
            [
                0.9502222222222223,
                0.654
            ],
            [
                0.9588888888888889,
                0.657
            ],
            [
                0.9386111111111111,
                0.6420000000000001
            ],
            [
                0.9392777777777777,
                0.6265
            ]
        ],
        "5": [
            [
                0.9322777777777779,
                0.663
            ],
            [
                0.9661666666666667,
                0.6815
            ],
            [
                0.9615,
                0.6785000000000001
            ],
            [
                0.9650555555555556,
                0.68
            ]
        ],
        "6": [
            [
                0.9605,
                0.6855
            ],
            [
                0.9615555555555554,
                0.7
            ],
            [
                0.964388888888889,
                0.6885
            ],
            [
                0.973111111111111,
                0.689
            ]
        ],