{
    "mean": {
        "0": [
            [
                1.0,
                0.9995
            ],
            [
                0.9996666666666666,
                0.9995
            ],
            [
                0.9994444444444444,
                0.9984999999999999
            ],
            [
                0.9996666666666666,
                0.999
            ]
        ],
        "1": [
            [
                1.0,
                0.999
            ],
            [
                0.9989444444444444,
                0.9974999999999999
            ],
            [
                0.9997222222222222,
                0.999
            ],
            [
                1.0,
                1.0
            ]
        ],
        "2": [
            [
                0.9998333333333334,
                0.9995
            ],
            [
                0.9981666666666668,
                0.998
            ],
            [
                0.9992222222222221,
                0.9984999999999999
            ],
            [
                1.0,
                1.0
            ]
        ],
        "3": [
            [
                0.9998888888888888,
                0.9995
            ],
            [
                0.9991111111111112,
                0.998
            ],
            [
                0.999388888888889,
                0.9984999999999999
            ],
            [
                0.9994444444444446,
                0.9994999999999999
            ]
        ],
        "4": [
            [
                0.9994999999999999,
                0.999
            ],
            [
                0.9982222222222221,
                0.9984999999999999
            ],
            [
                0.9984999999999999,
                0.9974999999999999
            ],
            [
                0.9994444444444444,
                0.999
            ]
        ],
        "5": [
            [
                0.9994999999999999,
                0.9995
            ],
            [
                0.9991111111111112,
                0.999
            ],
            [
                0.9991111111111112,
                0.9984999999999999
            ],
            [
                0.9994999999999999,
                0.9995
            ]
        ],
        "6": [
            [
                1.0,
                1.0
            ],
            [
                0.9995555555555555,
                0.999
            ],
            [
                1.0,
                1.0
            ],
            [
                0.9998333333333334,
                1.0
            ]
        ],
        "7": [
            [
                1.0,
                1.0
            ],
            [
                0.999611111111111,
                0.999
            ],
            [
                1.0,
                0.9995
            ],
            [
                1.0,
                1.0
            ]
        ],
        "8": [
            [
                1.0,
                0.999
            ],
            [
                0.9998888888888888,
                0.999
            ],
            [
                1.0,
                0.9995
            ],
            [
                0.9996666666666666,
                0.9995
            ]
        ],
        "9": [
            [
                1.0,
                0.9995
            ],
            [
                0.9997222222222222,
                0.9984999999999999
            ],
            [
                1.0,
                0.9995
            ],
            [
                1.0,
                1.0
            ]
        ],
        "10": [
            [
                0.9992222222222222,
                0.9979999999999999
            ],
            [
                0.9992777777777777,
                0.999
            ],
            [
                1.0,
                0.9984999999999999
            ],
            [
                1.0,
                1.0
            ]
        ],
        "11": [
            [
                0.9990555555555556,
                0.998
            ],
            [
                0.9993333333333334,
                0.998
            ],
            [
                0.9994444444444444,
                0.999
            ],
            [
                1.0,
                1.0
            ]
        ],
        "12": [
            [
                0.9982222222222223,
                0.9969999999999999
            ],
            [
                0.9994999999999999,
                0.9984999999999999
            ],
            [
                0.9992777777777778,
                0.9974999999999999
            ],
            [
                0.9997777777777778,
                0.9974999999999999
            ]
        ]
    },
    "haddamard": {
        "0": [
            [
                0.7632222222222224,
                0.7020000000000001
            ],
            [
                0.7837777777777777,
                0.719
            ],
            [
                0.7801111111111111,
                0.7185
            ],
            [
                0.7718333333333333,
                0.717
            ]
        ],
        "1": [
            [
                0.9596666666666666,
                0.6880000000000001
            ],
            [
                0.9532222222222222,
                0.679
            ],
            [
                0.9556111111111113,
                0.6805
            ],
            [
                0.9624444444444444,
                0.6880000000000001
            ]
        ],
        "2": [
            [
                0.9685,
                0.7125000000000001
            ],
            [
                0.9610555555555557,
                0.701
            ],
            [
                0.9662777777777778,
                0.718
            ],
            [
                0.9632777777777777,
                0.7070000000000001
            ]
        ],
        "3": [
            [
                0.9610555555555556,
                0.679
            ],
            [
                0.9625,
                0.7065
            ],
            [
                0.9423333333333332,
                0.6839999999999999
            ],
            [
                0.9594444444444445,
                0.6914999999999999
            ]
        ],
        "4": [
            [
                0.9481666666666667,
                0.6719999999999999
            ],
            [
                0.9367777777777778,
                0.6845000000000001
            ],
            [
                0.9635000000000001,
                0.6915
            ],
            [
                0.9305,
                0.6755000000000001
            ]
        ],
        "5": [
            [
                0.9177777777777777,
                0.639
            ],
            [
                0.8968333333333334,
                0.6285
            ],
            [
                0.9416666666666668,
                0.657
            ],
            [
                0.9602222222222222,
                0.6655
            ]
        ],
        "6": [
            [
                0.9538333333333334,
                0.6759999999999999
            ],
            [
                0.8511111111111112,
                0.6375
            ],
            [
                0.8944444444444445,
                0.6575
            ],
            [
                0.9463888888888888,
                0.6775
            ]
        ],
        "7": [
            [
                0.8838888888888888,
                0.6475
            ],
            [
                0.8795,
                0.6435000000000001
            ],
            [
                0.8691111111111111,
                0.6495
            ],
            [
                0.7943888888888889,
                0.6319999999999999
            ]
        ],