{
    "mean": {
        "0": [
            [
                0.5,
                0.5
            ],
            [
                0.5,
                0.5
            ],
            [
                0.5,
                0.5
            ],
            [
                0.5,
                0.5
            ]
        ],
        "1": [
            [
                0.986,
                0.9465
            ],
            [
                0.9822222222222221,
                0.9399999999999998
            ],
            [
                0.9818333333333336,
                0.9409999999999998
            ],
            [
                0.9883888888888889,
                0.9470000000000001
            ]
        ],
        "2": [
            [
                0.995611111111111,
                0.986
            ],
            [
                0.9981111111111112,
                0.9814999999999999
            ],
            [
                0.9964999999999998,
                0.985
            ],
            [
                0.9984999999999999,
                0.9875
            ]
        ],
        "3": [
            [
                0.9997777777777778,
                0.9964999999999999
            ],
            [
                0.9981666666666668,
                0.994
            ],
            [
                0.9989999999999999,
                0.9960000000000001
            ],
            [
                0.9995555555555555,
                0.9960000000000001
            ]
        ],
        "4": [
            [
                0.9986111111111111,
                0.9970000000000001
            ],
            [
                0.999,
                0.9984999999999999
            ],
            [
                0.9996666666666666,
                0.9984999999999999
            ],
            [
                0.9977222222222221,
                0.9969999999999999
            ]
        ],
        "5": [
            [
                0.9994444444444444,
                0.999
            ],
            [
                1.0,
                0.9995
            ],
            [
                0.9997777777777778,
                1.0
            ],
            [
                0.9991666666666668,
                0.9984999999999999
            ]
        ],
        "6": [
            [
                0.9990555555555556,
                0.999
            ],
            [
                0.9992222222222222,
                0.9979999999999999
            ],
            [
                1.0,
                0.999
            ],
            [
                0.999388888888889,
                0.999
            ]
        ],
        "7": [
            [
                0.9992222222222222,
                0.9994999999999999
            ],
            [
                0.9997777777777778,
                0.999
            ],
            [
                0.9997777777777778,
                0.9995
            ],
            [
                0.9988888888888889,
                0.9984999999999999
            ]
        ],
        "8": [
            [
                0.9991666666666668,
                0.9974999999999999
            ],
            [
                0.999388888888889,
                0.9984999999999999
            ],
            [
                0.9996666666666666,
                0.999
            ],
            [
                0.9985555555555555,
                0.9970000000000001
            ]
        ],
        "9": [
            [
                0.9982777777777777,
                0.9970000000000001
            ],
            [
                0.9985555555555555,
                0.9974999999999999
            ],
            [
                0.9998333333333334,
                0.9984999999999999
            ],
            [
                0.9994444444444446,
                0.999
            ]
        ],
        "10": [
            [
                0.9982222222222223,
                0.9955
            ],
            [
                0.9976666666666667,
                0.9959999999999999
            ],
            [
                1.0,
                0.9994999999999999
            ],
            [
                0.9968888888888889,
                0.9955
            ]
        ],
        "11": [
            [
                0.9978888888888889,
                0.9935
            ],
            [
                0.9984999999999999,
                0.9970000000000001
            ],
            [
                0.9989444444444444,
                0.9964999999999999
            ],
            [
                0.9959999999999999,
                0.9935
            ]
        ],
        "12": [
            [
                0.9968333333333333,
                0.9959999999999999
            ],
            [
                0.9989444444444444,
                0.9970000000000001
            ],
            [
                0.9991111111111112,
                0.9955
            ],
            [
                0.9967222222222221,
                0.9945
            ]
        ]
    },
    "haddamard": {
        "0": [
            [
                0.6714444444444444,
                0.6375000000000001
            ],
            [
                0.5110555555555555,
                0.5045
            ],
            [
                0.6282777777777777,
                0.589
            ],
            [
                0.6758333333333333,
                0.641
            ]
        ],
        "1": [
            [
                0.5404444444444445,
                0.5035000000000001
            ],
            [
                0.5337222222222222,
                0.509
            ],
            [
                0.5532222222222223,
                0.5170000000000001
            ],
            [
                0.5452222222222224,
                0.49850000000000005
            ]
        ],
        "2": [
            [
                0.5492222222222222,
                0.5134999999999998
            ],
            [
                0.5360555555555555,
                0.511
            ],
            [
                0.5618333333333334,
                0.5145
            ],
            [
                0.5507777777777779,
                0.518
            ]
        ],
        "3": [
            [
                0.6316111111111111,
                0.563
            ],
            [
                0.5761666666666667,
                0.523
            ],
            [
                0.6182222222222222,
                0.5285
            ],
            [
                0.6506666666666667,
                0.551
            ]
        ],
        "4": [
            [
                0.9608333333333332,
                0.7194999999999999
            ],
            [
                0.9616666666666667,
                0.717
            ],
            [
                0.9613333333333334,
                0.7245
            ],
            [
                0.9482222222222221,
                0.713
            ]
        ],
        "5": [
            [
                0.964388888888889,
                0.7474999999999998
            ],
            [
                0.9702222222222222,
                0.7515
            ],
            [
                0.9667777777777777,
                0.7499999999999999
            ],
            [
                0.9367777777777778,
                0.7390000000000001
            ]
        ],
        "6": [
            [
                0.9685555555555556,
                0.769
            ],
            [
                0.9626111111111111,
                0.762
            ],
            [
                0.9713333333333333,
                0.7675000000000001
            ],
            [
                0.9651666666666665,
                0.78
            ]
        ],