{
    "mean": {
        "0": [
            [
                1.0,
                0.9995
            ],
            [
                0.9990555555555554,
                0.9959999999999999
            ],
            [
                0.9998333333333334,
                0.9975000000000002
            ],
            [
                0.9996666666666666,
                0.9970000000000001
            ]
        ],
        "1": [
            [
                0.9967222222222223,
                0.9955
            ],
            [
                1.0,
                0.9984999999999999
            ],
            [
                0.9972222222222223,
                0.992
            ],
            [
                0.9979444444444445,
                0.9964999999999999
            ]
        ],
        "2": [
            [
                1.0,
                1.0
            ],
            [
                1.0,
                0.9995
            ],
            [
                0.999388888888889,
                0.9970000000000001
            ],
            [
                0.9993888888888888,
                0.999
            ]
        ],
        "3": [
            [
                0.9996666666666666,
                0.9984999999999999
            ],
            [
                0.9999444444444444,
                1.0
            ],
            [
                0.9984999999999999,
                0.9944999999999998
            ],
            [
                0.9992777777777778,
                0.9974999999999999
            ]
        ],
        "4": [
            [
                0.9998888888888888,
                0.9995
            ],
            [
                0.9993333333333334,
                0.998
            ],
            [
                0.9984999999999999,
                0.9955
            ],
            [
                0.9999444444444444,
                0.9995
            ]
        ],
        "5": [
            [
                0.9997222222222222,
                0.9995
            ],
            [
                0.9989444444444444,
                0.9984999999999999
            ],
            [
                0.9991111111111112,
                0.9964999999999999
            ],
            [
                1.0,
                1.0
            ]
        ],
        "6": [
            [
                0.9997777777777778,
                0.9995
            ],
            [
                0.9988333333333334,
                0.9984999999999999
            ],
            [
                0.9994444444444446,
                0.998
            ],
            [
                1.0,
                1.0
            ]
        ],
        "7": [
            [
                0.9994999999999999,
                0.999
            ],
            [
                0.9982222222222221,
                0.9984999999999999
            ],
            [
                0.9998333333333334,
                0.999
            ],
            [
                0.9998888888888888,
                1.0
            ]
        ],
        "8": [
            [
                0.9994444444444446,
                0.999
            ],
            [
                0.9994999999999999,
                0.999
            ],
            [
                0.9990555555555556,
                0.999
            ],
            [
                1.0,
                1.0
            ]
        ],
        "9": [
            [
                0.9997777777777778,
                0.999
            ],
            [
                0.9997777777777778,
                0.9984999999999999
            ],
            [
                0.9989444444444444,
                0.9979999999999999
            ],
            [
                1.0,
                1.0
            ]
        ],
        "10": [
            [
                0.9992777777777777,
                0.998
            ],
            [
                0.9996666666666666,
                0.9984999999999999
            ],
            [
                0.9990555555555556,
                0.9984999999999999
            ],
            [
                0.9994444444444444,
                0.9984999999999999
            ]
        ],
        "11": [
            [
                0.9998333333333334,
                0.9974999999999999
            ],
            [
                1.0,
                0.9994999999999999
            ],
            [
                0.9987777777777778,
                0.9964999999999999
            ],
            [
                0.9988333333333334,
                0.9964999999999999
            ]
        ],
        "12": [
            [
                0.9995555555555555,
                0.9974999999999999
            ],
            [
                0.9999444444444444,
                0.999
            ],
            [
                0.9996111111111112,
                0.999
            ],
            [
                0.9999444444444444,
                0.999
            ]
        ]
    },
    "haddamard": {
        "0": [
            [
                0.7699444444444444,
                0.732
            ],
            [
                0.8027777777777777,
                0.7595000000000001
            ],
            [
                0.7918333333333333,
                0.7489999999999999
            ],
            [
                0.7781111111111112,
                0.7335
            ]
        ],
        "1": [
            [
                0.9102222222222223,
                0.6295
            ],
            [
                0.937,
                0.6515
            ],
            [
                0.933,
                0.6465
            ],
            [
                0.9319444444444445,
                0.6385
            ]
        ],
        "2": [
            [
                0.9504444444444445,
                0.6605000000000001
            ],
            [
                0.9121111111111111,
                0.6635000000000002
            ],
            [
                0.9477222222222224,
                0.674
            ],
            [
                0.9429444444444446,
                0.665
            ]
        ],
        "3": [
            [
                0.9612777777777778,
                0.647
            ],
            [
                0.9593333333333334,
                0.649
            ],
            [
                0.9183333333333336,
                0.6204999999999999
            ],
            [
                0.9443888888888889,
                0.6525
            ]
        ],
        "4": [
            [
                0.9602222222222222,
                0.645
            ],
            [
                0.9328888888888889,
                0.6289999999999999
            ],
            [
                0.9399444444444445,
                0.6325000000000001
            ],
            [
                0.9475,
                0.6425
            ]
        ],
        "5": [
            [
                0.9425555555555556,
                0.6465
            ],
            [
                0.9146666666666666,
                0.6455
            ],
            [
                0.9147777777777776,
                0.6255
            ],
            [
                0.9518888888888888,
                0.6445
            ]
        ],
        "6": [
            [
                0.8828333333333334,
                0.633
            ],
            [
                0.8742222222222221,
                0.6375000000000001
            ],
            [
                0.9261111111111111,
                0.651
            ],
            [
                0.9197222222222221,
                0.647
            ]
        ],