{
    "mean": {
        "0": [
            [
                0.9925555555555556,
                0.9484999999999999
            ],
            [
                0.9931666666666669,
                0.951
            ],
            [
                0.9921666666666669,
                0.9485000000000001
            ],
            [
                0.9931666666666665,
                0.953
            ]
        ],
        "1": [
            [
                0.9914444444444446,
                0.9359999999999999
            ],
            [
                0.9916111111111112,
                0.9349999999999999
            ],
            [
                0.9892777777777779,
                0.9350000000000002
            ],
            [
                0.9880555555555557,
                0.9375
            ]
        ],
        "2": [
            [
                0.992,
                0.9490000000000001
            ],
            [
                0.992388888888889,
                0.945
            ],
            [
                0.9916111111111112,
                0.9465
            ],
            [
                0.9915555555555555,
                0.9490000000000001
            ]
        ],
        "3": [
            [
                0.9939444444444445,
                0.9540000000000001
            ],
            [
                0.9937222222222223,
                0.9569999999999999
            ],
            [
                0.991888888888889,
                0.952
            ],
            [
                0.992,
                0.9514999999999999
            ]
        ],
        "4": [
            [
                0.9956666666666665,
                0.9654999999999999
            ],
            [
                0.9967222222222223,
                0.9675
            ],
            [
                0.9940555555555555,
                0.9615
            ],
            [
                0.9934444444444445,
                0.9650000000000001
            ]
        ],
        "5": [
            [
                0.9951111111111111,
                0.9625
            ],
            [
                0.996222222222222,
                0.9585000000000001
            ],
            [
                0.9938333333333332,
                0.959
            ],
            [
                0.9931666666666669,
                0.9615
            ]
        ],
        "6": [
            [
                0.9948333333333335,
                0.9544999999999998
            ],
            [
                0.9960000000000001,
                0.9635
            ],
            [
                0.9933888888888888,
                0.9585000000000001
            ],
            [
                0.9932222222222222,
                0.9559999999999998
            ]
        ],
        "7": [
            [
                0.9940000000000001,
                0.9535
            ],
            [
                0.9957222222222221,
                0.9555
            ],
            [
                0.9922777777777778,
                0.9505000000000001
            ],
            [
                0.9920555555555557,
                0.9470000000000001
            ]
        ],
        "8": [
            [
                0.9948333333333332,
                0.954
            ],
            [
                0.9957222222222221,
                0.9550000000000001
            ],
            [
                0.9931111111111111,
                0.95
            ],
            [
                0.9932777777777778,
                0.952
            ]
        ],
        "9": [
            [
                0.9940000000000001,
                0.954
            ],
            [
                0.9952222222222222,
                0.954
            ],
            [
                0.992,
                0.9494999999999999
            ],
            [
                0.9928888888888888,
                0.9455
            ]
        ],
        "10": [
            [
                0.9939444444444444,
                0.9385
            ],
            [
                0.9935555555555554,
                0.9424999999999999
            ],
            [
                0.9895555555555555,
                0.9410000000000001
            ],
            [
                0.9912777777777778,
                0.9315
            ]
        ],
        "11": [
            [
                0.9915,
                0.9215
            ],
            [
                0.9921666666666666,
                0.9269999999999999
            ],
            [
                0.9877777777777779,
                0.9189999999999999
            ],
            [
                0.9875,
                0.9199999999999999
            ]
        ],
        "12": [
            [
                0.9886666666666667,
                0.9100000000000001
            ],
            [
                0.9895555555555555,
                0.907
            ],
            [
                0.9856111111111112,
                0.898
            ],
            [
                0.9868888888888889,
                0.9
            ]
        ]
    },
    "haddamard": {
        "0": [
            [
                0.5496666666666667,
                0.51
            ],
            [
                0.5593333333333332,
                0.5029999999999999
            ],
            [
                0.5531666666666666,
                0.503
            ],
            [
                0.580111111111111,
                0.49799999999999994
            ]
        ],
        "1": [
            [
                0.6086666666666667,
                0.483
            ],
            [
                0.5652777777777778,
                0.506
            ],
            [
                0.6352777777777777,
                0.497
            ],
            [
                0.6216111111111111,
                0.514
            ]
        ],
        "2": [
            [
                0.6152222222222221,
                0.507
            ],
            [
                0.5746111111111111,
                0.5069999999999999
            ],
            [
                0.6228888888888889,
                0.5050000000000001
            ],
            [
                0.623,
                0.49449999999999994
            ]
        ],
        "3": [
            [
                0.614111111111111,
                0.5075000000000001
            ],
            [
                0.5695000000000001,
                0.5069999999999999
            ],
            [
                0.6072222222222222,
                0.5065000000000001
            ],
            [
                0.6212222222222221,
                0.5205
            ]
        ],
        "4": [
            [
                0.6193333333333334,
                0.512
            ],
            [
                0.5821666666666666,
                0.501
            ],
            [
                0.6185,
                0.4925
            ],
            [
                0.6114999999999999,
                0.518
            ]
        ],
        "5": [
            [
                0.5967777777777779,
                0.502
            ],
            [
                0.5824999999999999,
                0.517
            ],
            [
                0.599,
                0.5045
            ],
            [
                0.5903888888888889,
                0.495
            ]
        ],
        "6": [
            [
                0.6168333333333333,
                0.522
            ],
            [
                0.6128333333333333,
                0.505
            ],
            [
                0.5982222222222222,
                0.5065
            ],
            [
                0.5851111111111111,
                0.501
            ]
        ],