{
    "mean": {
        "0": [
            [
                0.9860555555555555,
                0.9324999999999999
            ],
            [
                0.9879999999999999,
                0.9259999999999999
            ],
            [
                0.9855555555555556,
                0.9245000000000001
            ],
            [
                0.9882222222222221,
                0.9270000000000002
            ]
        ],
        "1": [
            [
                0.9792222222222223,
                0.9149999999999998
            ],
            [
                0.9867222222222221,
                0.9195
            ],
            [
                0.9814999999999999,
                0.9145000000000001
            ],
            [
                0.9813888888888889,
                0.9195
            ]
        ],
        "2": [
            [
                0.9818333333333333,
                0.9235000000000001
            ],
            [
                0.9876111111111111,
                0.925
            ],
            [
                0.9838333333333333,
                0.9255000000000001
            ],
            [
                0.9853333333333334,
                0.9285000000000002
            ]
        ],
        "3": [
            [
                0.9847777777777778,
                0.9305
            ],
            [
                0.9896666666666667,
                0.9395
            ],
            [
                0.9865,
                0.9385
            ],
            [
                0.9875,
                0.9410000000000001
            ]
        ],
        "4": [
            [
                0.9887777777777778,
                0.953
            ],
            [
                0.9911111111111112,
                0.9515
            ],
            [
                0.9895555555555555,
                0.952
            ],
            [
                0.9897777777777778,
                0.9519999999999997
            ]
        ],
        "5": [
            [
                0.9888333333333333,
                0.9570000000000001
            ],
            [
                0.9907222222222224,
                0.9540000000000001
            ],
            [
                0.991,
                0.959
            ],
            [
                0.9903333333333334,
                0.9549999999999998
            ]
        ],
        "6": [
            [
                0.9885555555555555,
                0.9405000000000001
            ],
            [
                0.9880555555555555,
                0.9395
            ],
            [
                0.9877222222222223,
                0.9414999999999999
            ],
            [
                0.990388888888889,
                0.9480000000000001
            ]
        ],
        "7": [
            [
                0.9868888888888888,
                0.9344999999999999
            ],
            [
                0.9901111111111112,
                0.9419999999999998
            ],
            [
                0.9857222222222223,
                0.9355
            ],
            [
                0.9888888888888887,
                0.9415000000000001
            ]
        ],
        "8": [
            [
                0.9864444444444445,
                0.9339999999999999
            ],
            [
                0.9888888888888889,
                0.938
            ],
            [
                0.9861111111111113,
                0.931
            ],
            [
                0.9891666666666665,
                0.9334999999999999
            ]
        ],
        "9": [
            [
                0.9827222222222224,
                0.9299999999999999
            ],
            [
                0.9878888888888889,
                0.9305
            ],
            [
                0.9839999999999998,
                0.9155000000000001
            ],
            [
                0.9873888888888889,
                0.923
            ]
        ],
        "10": [
            [
                0.9827222222222224,
                0.9125
            ],
            [
                0.9873333333333333,
                0.929
            ],
            [
                0.9827222222222222,
                0.9109999999999999
            ],
            [
                0.9860000000000001,
                0.9184999999999999
            ]
        ],
        "11": [
            [
                0.9837777777777778,
                0.9200000000000002
            ],
            [
                0.9852777777777778,
                0.916
            ],
            [
                0.9808333333333333,
                0.9080000000000001
            ],
            [
                0.986,
                0.905
            ]
        ],
        "12": [
            [
                0.9798333333333333,
                0.9075000000000001
            ],
            [
                0.9818888888888889,
                0.8965000000000002
            ],
            [
                0.9804444444444445,
                0.9004999999999999
            ],
            [
                0.9846666666666668,
                0.9
            ]
        ]
    },
    "haddamard": {
        "0": [
            [
                0.5291666666666667,
                0.506
            ],
            [
                0.5186111111111111,
                0.4915
            ],
            [
                0.5204444444444444,
                0.49850000000000005
            ],
            [
                0.5295000000000001,
                0.49450000000000005
            ]
        ],
        "1": [
            [
                0.5944444444444443,
                0.515
            ],
            [
                0.5572222222222222,
                0.49450000000000005
            ],
            [
                0.5892222222222223,
                0.5075000000000001
            ],
            [
                0.5871111111111111,
                0.502
            ]
        ],
        "2": [
            [
                0.5887777777777778,
                0.5
            ],
            [
                0.5447777777777777,
                0.493
            ],
            [
                0.5902222222222221,
                0.5105000000000001
            ],
            [
                0.5778333333333334,
                0.5115000000000001
            ]
        ],
        "3": [
            [
                0.5983888888888889,
                0.513
            ],
            [
                0.554,
                0.506
            ],
            [
                0.605,
                0.5239999999999999
            ],
            [
                0.5782222222222223,
                0.499
            ]
        ],
        "4": [
            [
                0.5756111111111111,
                0.4965
            ],
            [
                0.5603333333333333,
                0.511
            ],
            [
                0.5966111111111111,
                0.522
            ],
            [
                0.575111111111111,
                0.5075000000000001
            ]
        ],
        "5": [
            [
                0.5898888888888888,
                0.51
            ],
            [
                0.5488888888888889,
                0.5
            ],
            [
                0.5798333333333333,
                0.49749999999999994
            ],
            [
                0.5608888888888888,
                0.491
            ]
        ],
        "6": [
            [
                0.5741666666666667,
                0.507
            ],
            [
                0.5405,
                0.5025
            ],
            [
                0.5846666666666667,
                0.5105
            ],
            [
                0.5775,
                0.5205
            ]
        ],