{
    "mean": {
        "0": [
            [
                0.5,
                0.5
            ],
            [
                0.5,
                0.5
            ],
            [
                0.5,
                0.5
            ],
            [
                0.5,
                0.5
            ]
        ],
        "1": [
            [
                0.9951666666666666,
                0.9719999999999999
            ],
            [
                0.9921111111111113,
                0.969
            ],
            [
                0.9925,
                0.9685
            ],
            [
                0.9956666666666665,
                0.9724999999999999
            ]
        ],
        "2": [
            [
                0.9976666666666667,
                0.9845
            ],
            [
                0.9987777777777778,
                0.9875
            ],
            [
                0.9986666666666666,
                0.9879999999999999
            ],
            [
                0.9985555555555555,
                0.9865
            ]
        ],
        "3": [
            [
                0.9958888888888888,
                0.9835
            ],
            [
                0.9992222222222222,
                0.9945
            ],
            [
                0.9995,
                0.994
            ],
            [
                0.9998888888888888,
                0.9974999999999999
            ]
        ],
        "4": [
            [
                0.9903333333333333,
                0.9834999999999999
            ],
            [
                0.9973333333333333,
                0.994
            ],
            [
                0.9979444444444445,
                0.9949999999999999
            ],
            [
                0.9986666666666666,
                0.9959999999999999
            ]
        ],
        "5": [
            [
                0.9958888888888889,
                0.9964999999999999
            ],
            [
                0.9967222222222221,
                0.9955
            ],
            [
                0.9970555555555556,
                0.9944999999999998
            ],
            [
                0.9974999999999999,
                0.9955
            ]
        ],
        "6": [
            [
                0.9942222222222223,
                0.9925
            ],
            [
                0.9987222222222222,
                0.9959999999999999
            ],
            [
                0.9966666666666667,
                0.9944999999999998
            ],
            [
                0.998,
                0.9955
            ]
        ],
        "7": [
            [
                0.9941111111111111,
                0.9914999999999999
            ],
            [
                0.9986666666666666,
                0.9955
            ],
            [
                0.9966666666666665,
                0.9934999999999998
            ],
            [
                0.9983333333333333,
                0.9959999999999999
            ]
        ],
        "8": [
            [
                0.9945,
                0.9914999999999999
            ],
            [
                0.9987777777777778,
                0.9960000000000001
            ],
            [
                0.9951111111111111,
                0.9934999999999998
            ],
            [
                0.9984444444444444,
                0.9955
            ]
        ],
        "9": [
            [
                0.995222222222222,
                0.9924999999999999
            ],
            [
                0.9997222222222222,
                0.9975000000000002
            ],
            [
                0.9980555555555556,
                0.9969999999999999
            ],
            [
                0.9976666666666667,
                0.9959999999999999
            ]
        ],
        "10": [
            [
                0.9945,
                0.991
            ],
            [
                0.9994444444444446,
                0.9975000000000002
            ],
            [
                0.9967222222222223,
                0.9935
            ],
            [
                0.9974444444444444,
                0.9945
            ]
        ],
        "11": [
            [
                0.9945555555555556,
                0.991
            ],
            [
                0.9984444444444444,
                0.9945
            ],
            [
                0.9940000000000001,
                0.993
            ],
            [
                0.9960000000000001,
                0.993
            ]
        ],
        "12": [
            [
                0.9943333333333333,
                0.992
            ],
            [
                0.9983888888888888,
                0.9949999999999999
            ],
            [
                0.9959444444444443,
                0.9914999999999999
            ],
            [
                0.9973333333333333,
                0.993
            ]
        ]
    },
    "haddamard": {
        "0": [
            [
                0.8734999999999999,
                0.8025
            ],
            [
                0.8695,
                0.7965000000000001
            ],
            [
                0.8677777777777778,
                0.7969999999999999
            ],
            [
                0.8724999999999999,
                0.7945
            ]
        ],
        "1": [
            [
                0.5984999999999999,
                0.5245
            ],
            [
                0.5511666666666667,
                0.5005
            ],
            [
                0.5996666666666667,
                0.507
            ],
            [
                0.6000555555555556,
                0.532
            ]
        ],
        "2": [
            [
                0.5990555555555556,
                0.5215000000000001
            ],
            [
                0.5587777777777778,
                0.5130000000000001
            ],
            [
                0.5943888888888889,
                0.5195000000000001
            ],
            [
                0.6149444444444445,
                0.5189999999999999
            ]
        ],
        "3": [
            [
                0.6796666666666666,
                0.5435
            ],
            [
                0.5812222222222222,
                0.5165
            ],
            [
                0.6652222222222222,
                0.5325
            ],
            [
                0.6286666666666667,
                0.528
            ]
        ],
        "4": [
            [
                0.688,
                0.5479999999999999
            ],
            [
                0.7466666666666667,
                0.564
            ],
            [
                0.8493333333333334,
                0.5920000000000001
            ],
            [
                0.7311111111111112,
                0.546
            ]
        ],
        "5": [
            [
                0.93,
                0.6365000000000001
            ],
            [
                0.9048333333333334,
                0.6385
            ],
            [
                0.9453888888888891,
                0.655
            ],
            [
                0.9116666666666667,
                0.6385
            ]
        ],
        "6": [
            [
                0.9363333333333334,
                0.6740000000000002
            ],
            [
                0.962,
                0.7020000000000001
            ],
            [
                0.9426666666666665,
                0.6905
            ],
            [
                0.9390000000000001,
                0.6885
            ]
        ],