{
    "mean": {
        "0": [
            [
                0.9994999999999999,
                0.9995
            ],
            [
                0.9997777777777778,
                0.9984999999999999
            ],
            [
                0.9992222222222222,
                0.999
            ],
            [
                0.9982222222222221,
                0.998
            ]
        ],
        "1": [
            [
                0.9989444444444444,
                0.9984999999999999
            ],
            [
                0.9989444444444444,
                0.999
            ],
            [
                0.9986666666666666,
                0.9969999999999999
            ],
            [
                0.9994999999999999,
                0.999
            ]
        ],
        "2": [
            [
                0.9993888888888888,
                0.9995
            ],
            [
                1.0,
                0.999
            ],
            [
                0.999611111111111,
                0.9974999999999999
            ],
            [
                0.9998888888888888,
                0.999
            ]
        ],
        "3": [
            [
                0.999,
                0.999
            ],
            [
                0.9999444444444444,
                0.999
            ],
            [
                1.0,
                0.999
            ],
            [
                0.9999444444444444,
                0.9995
            ]
        ],
        "4": [
            [
                0.999,
                0.999
            ],
            [
                1.0,
                0.9995
            ],
            [
                1.0,
                0.9995
            ],
            [
                0.9999444444444444,
                0.9995
            ]
        ],
        "5": [
            [
                0.9994444444444444,
                0.999
            ],
            [
                1.0,
                0.9995
            ],
            [
                1.0,
                0.9995
            ],
            [
                0.9994444444444446,
                0.999
            ]
        ],
        "6": [
            [
                0.9992222222222222,
                0.999
            ],
            [
                1.0,
                0.9995
            ],
            [
                0.9998888888888888,
                1.0
            ],
            [
                0.9989444444444444,
                0.998
            ]
        ],
        "7": [
            [
                0.9988333333333334,
                0.9984999999999999
            ],
            [
                0.9998888888888888,
                0.9984999999999999
            ],
            [
                0.9999444444444444,
                0.999
            ],
            [
                0.9988333333333334,
                0.999
            ]
        ],
        "8": [
            [
                0.9987222222222222,
                0.9984999999999999
            ],
            [
                0.9994444444444444,
                0.998
            ],
            [
                0.9988888888888889,
                0.9984999999999999
            ],
            [
                0.9986666666666666,
                0.9974999999999999
            ]
        ],
        "9": [
            [
                0.9985555555555555,
                0.9964999999999999
            ],
            [
                0.9992777777777777,
                0.9969999999999999
            ],
            [
                0.9986111111111111,
                0.9974999999999999
            ],
            [
                0.9987222222222222,
                0.9964999999999999
            ]
        ],
        "10": [
            [
                0.9989444444444443,
                0.9964999999999999
            ],
            [
                0.9990555555555554,
                0.9970000000000001
            ],
            [
                0.9982777777777777,
                0.9955
            ],
            [
                0.9997777777777778,
                0.998
            ]
        ],
        "11": [
            [
                0.9986666666666665,
                0.9950000000000001
            ],
            [
                0.9997222222222222,
                0.9975000000000002
            ],
            [
                0.9986111111111111,
                0.9955
            ],
            [
                0.9993333333333334,
                0.998
            ]
        ],
        "12": [
            [
                0.9997222222222222,
                0.9970000000000001
            ],
            [
                0.9996666666666666,
                0.9970000000000001
            ],
            [
                0.9961111111111112,
                0.9924999999999999
            ],
            [
                0.999,
                0.9984999999999999
            ]
        ]
    },
    "haddamard": {
        "0": [
            [
                0.8183888888888889,
                0.7700000000000001
            ],
            [
                0.8154444444444444,
                0.775
            ],
            [
                0.8162222222222223,
                0.7665000000000001
            ],
            [
                0.8161111111111111,
                0.7769999999999999
            ]
        ],
        "1": [
            [
                0.9466111111111111,
                0.6599999999999999
            ],
            [
                0.9435555555555555,
                0.6465
            ],
            [
                0.9505555555555556,
                0.673
            ],
            [
                0.9453888888888888,
                0.6619999999999999
            ]
        ],
        "2": [
            [
                0.9550000000000001,
                0.688
            ],
            [
                0.9615,
                0.6715000000000001
            ],
            [
                0.9616666666666667,
                0.687
            ],
            [
                0.9439444444444444,
                0.6605000000000001
            ]
        ],
        "3": [
            [
                0.9567777777777777,
                0.6545
            ],
            [
                0.961,
                0.667
            ],
            [
                0.9597222222222224,
                0.655
            ],
            [
                0.9567777777777777,
                0.664
            ]
        ],
        "4": [
            [
                0.9599444444444444,
                0.669
            ],
            [
                0.8420555555555556,
                0.6065
            ],
            [
                0.9304444444444444,
                0.6519999999999999
            ],
            [
                0.9320555555555557,
                0.6385
            ]
        ],
        "5": [
            [
                0.8662777777777777,
                0.629
            ],
            [
                0.8327777777777777,
                0.5965
            ],
            [
                0.761611111111111,
                0.584
            ],
            [
                0.8847777777777779,
                0.6235
            ]
        ],
        "6": [
            [
                0.8870000000000001,
                0.623
            ],
            [
                0.7684444444444444,
                0.591
            ],
            [
                0.8569444444444445,
                0.6315
            ],
            [
                0.7747777777777778,
                0.579
            ]
        ],