{
    "mean": {
        "0": [
            [
                0.9998333333333334,
                0.9984999999999999
            ],
            [
                0.9954444444444445,
                0.993
            ],
            [
                0.9995555555555556,
                0.9984999999999999
            ],
            [
                0.9998333333333334,
                0.9984999999999999
            ]
        ],
        "1": [
            [
                0.999,
                0.9964999999999999
            ],
            [
                0.9956666666666667,
                0.9899999999999999
            ],
            [
                0.9996666666666666,
                0.9969999999999999
            ],
            [
                0.9999444444444444,
                0.9984999999999999
            ]
        ],
        "2": [
            [
                0.9987777777777778,
                0.9974999999999999
            ],
            [
                0.9898888888888889,
                0.9855
            ],
            [
                0.9994999999999999,
                0.9974999999999999
            ],
            [
                0.9997777777777778,
                0.9969999999999999
            ]
        ],
        "3": [
            [
                0.9998333333333334,
                0.9984999999999999
            ],
            [
                0.9943333333333333,
                0.9914999999999999
            ],
            [
                0.9991666666666668,
                0.999
            ],
            [
                1.0,
                0.9994999999999999
            ]
        ],
        "4": [
            [
                0.9999444444444444,
                0.9984999999999999
            ],
            [
                0.9955,
                0.9934999999999998
            ],
            [
                0.9994999999999999,
                0.9994999999999999
            ],
            [
                0.9992222222222222,
                0.9974999999999999
            ]
        ],
        "5": [
            [
                0.9999444444444444,
                0.9984999999999999
            ],
            [
                0.997777777777778,
                0.9955
            ],
            [
                0.9995555555555555,
                0.9994999999999999
            ],
            [
                1.0,
                1.0
            ]
        ],
        "6": [
            [
                0.9991111111111112,
                0.9969999999999999
            ],
            [
                0.9971666666666668,
                0.9969999999999999
            ],
            [
                0.9998888888888888,
                0.999
            ],
            [
                1.0,
                1.0
            ]
        ],
        "7": [
            [
                0.9999444444444444,
                0.999
            ],
            [
                0.9976666666666667,
                0.9974999999999999
            ],
            [
                0.9998888888888888,
                0.9994999999999999
            ],
            [
                0.999611111111111,
                0.9994999999999999
            ]
        ],
        "8": [
            [
                0.9997222222222222,
                0.998
            ],
            [
                0.9963888888888889,
                0.994
            ],
            [
                0.9994999999999999,
                0.9984999999999999
            ],
            [
                0.9995555555555555,
                0.999
            ]
        ],
        "9": [
            [
                0.9991111111111112,
                0.9974999999999999
            ],
            [
                0.9959444444444445,
                0.9934999999999998
            ],
            [
                0.9996666666666666,
                0.9974999999999999
            ],
            [
                0.9997777777777778,
                0.9984999999999999
            ]
        ],
        "10": [
            [
                0.9988888888888889,
                0.9949999999999999
            ],
            [
                0.9989444444444444,
                0.9964999999999999
            ],
            [
                0.9998333333333334,
                0.9974999999999999
            ],
            [
                1.0,
                0.999
            ]
        ],
        "11": [
            [
                0.9994444444444444,
                0.9964999999999999
            ],
            [
                0.9982222222222221,
                0.9955
            ],
            [
                0.9996666666666666,
                0.998
            ],
            [
                0.9998333333333334,
                0.9984999999999999
            ]
        ],
        "12": [
            [
                0.9995555555555555,
                0.9955
            ],
            [
                0.9991666666666665,
                0.9964999999999999
            ],
            [
                0.9996666666666666,
                0.9974999999999999
            ],
            [
                1.0,
                0.9970000000000001
            ]
        ]
    },
    "haddamard": {
        "0": [
            [
                0.7624444444444444,
                0.667
            ],
            [
                0.7649444444444444,
                0.6795
            ],
            [
                0.7751111111111111,
                0.692
            ],
            [
                0.779611111111111,
                0.6875
            ]
        ],
        "1": [
            [
                0.8147222222222222,
                0.5535
            ],
            [
                0.9277222222222223,
                0.5805
            ],
            [
                0.8564444444444443,
                0.5650000000000002
            ],
            [
                0.8293888888888891,
                0.554
            ]
        ],
        "2": [
            [
                0.9338333333333333,
                0.6030000000000001
            ],
            [
                0.9207222222222221,
                0.5974999999999999
            ],
            [
                0.8445,
                0.5755000000000001
            ],
            [
                0.9243888888888888,
                0.611
            ]
        ],
        "3": [
            [
                0.9605,
                0.6195
            ],
            [
                0.9538333333333334,
                0.62
            ],
            [
                0.9622222222222223,
                0.645
            ],
            [
                0.9602777777777778,
                0.6214999999999999
            ]
        ],
        "4": [
            [
                0.9451111111111112,
                0.6300000000000001
            ],
            [
                0.9609444444444444,
                0.646
            ],
            [
                0.9638888888888888,
                0.6405
            ],
            [
                0.9614999999999998,
                0.6355000000000001
            ]
        ],
        "5": [
            [
                0.9618888888888888,
                0.665
            ],
            [
                0.9666666666666666,
                0.6679999999999999
            ],
            [
                0.9402777777777777,
                0.648
            ],
            [
                0.9534444444444443,
                0.665
            ]
        ],
        "6": [
            [
                0.8943888888888889,
                0.6570000000000001
            ],
            [
                0.9588333333333334,
                0.667
            ],
            [
                0.9613888888888888,
                0.6695
            ],
            [
                0.9441666666666666,
                0.6639999999999999
            ]
        ],