{
    "mean": {
        "0": [
            [
                0.9973333333333333,
                0.9909999999999999
            ],
            [
                0.9971666666666665,
                0.9924999999999999
            ],
            [
                0.9997777777777778,
                0.994
            ],
            [
                0.9998888888888888,
                0.9949999999999999
            ]
        ],
        "1": [
            [
                0.9968888888888887,
                0.9894999999999999
            ],
            [
                0.9971111111111111,
                0.9935
            ],
            [
                0.9956666666666665,
                0.9884999999999998
            ],
            [
                0.9983888888888888,
                0.992
            ]
        ],
        "2": [
            [
                0.9993333333333334,
                0.9924999999999999
            ],
            [
                0.9990555555555556,
                0.9949999999999999
            ],
            [
                0.9949999999999999,
                0.9909999999999999
            ],
            [
                0.9979444444444445,
                0.9914999999999999
            ]
        ],
        "3": [
            [
                0.9993333333333332,
                0.9969999999999999
            ],
            [
                0.9932777777777778,
                0.9865
            ],
            [
                0.9925555555555554,
                0.9905000000000002
            ],
            [
                0.9998888888888888,
                0.9969999999999999
            ]
        ],
        "4": [
            [
                0.9987777777777778,
                0.9959999999999999
            ],
            [
                0.9979999999999999,
                0.9964999999999998
            ],
            [
                0.9964444444444442,
                0.9960000000000001
            ],
            [
                0.9997222222222222,
                0.9984999999999999
            ]
        ],
        "5": [
            [
                0.9988333333333334,
                0.998
            ],
            [
                0.9981666666666668,
                0.9964999999999999
            ],
            [
                0.9976111111111111,
                0.9964999999999999
            ],
            [
                0.9997222222222222,
                0.999
            ]
        ],
        "6": [
            [
                0.9990555555555556,
                0.9979999999999999
            ],
            [
                0.9988333333333334,
                0.9969999999999999
            ],
            [
                0.9978888888888889,
                0.9974999999999999
            ],
            [
                0.9984999999999999,
                0.9974999999999999
            ]
        ],
        "7": [
            [
                0.9994444444444446,
                0.9984999999999999
            ],
            [
                0.9992777777777778,
                0.9984999999999999
            ],
            [
                0.9982222222222221,
                0.998
            ],
            [
                0.999611111111111,
                0.9995
            ]
        ],
        "8": [
            [
                0.9984999999999999,
                0.9979999999999999
            ],
            [
                0.9988333333333334,
                0.9979999999999999
            ],
            [
                0.9980555555555556,
                0.998
            ],
            [
                1.0,
                0.999
            ]
        ],
        "9": [
            [
                0.9978888888888887,
                0.9969999999999999
            ],
            [
                0.9993333333333334,
                0.9984999999999999
            ],
            [
                0.9978333333333333,
                0.9974999999999999
            ],
            [
                0.9997777777777778,
                0.999
            ]
        ],
        "10": [
            [
                0.9968888888888887,
                0.9959999999999999
            ],
            [
                0.9959999999999999,
                0.9949999999999999
            ],
            [
                0.9988888888888889,
                0.998
            ],
            [
                0.9985555555555555,
                0.9959999999999999
            ]
        ],
        "11": [
            [
                0.9972222222222221,
                0.9949999999999999
            ],
            [
                0.9958333333333332,
                0.9925
            ],
            [
                0.9987222222222222,
                0.9959999999999999
            ],
            [
                0.9978888888888887,
                0.9949999999999999
            ]
        ],
        "12": [
            [
                0.9978333333333331,
                0.9964999999999999
            ],
            [
                0.9966666666666667,
                0.9949999999999999
            ],
            [
                0.9980555555555556,
                0.9960000000000001
            ],
            [
                0.9995555555555555,
                0.998
            ]
        ]
    },
    "haddamard": {
        "0": [
            [
                0.6618333333333334,
                0.602
            ],
            [
                0.6633333333333333,
                0.5934999999999999
            ],
            [
                0.6853888888888889,
                0.6319999999999999
            ],
            [
                0.7273888888888889,
                0.6565000000000001
            ]
        ],
        "1": [
            [
                0.8043888888888888,
                0.5465
            ],
            [
                0.7541666666666667,
                0.5379999999999999
            ],
            [
                0.7576666666666667,
                0.5200000000000001
            ],
            [
                0.7742222222222221,
                0.534
            ]
        ],
        "2": [
            [
                0.7696111111111111,
                0.5305
            ],
            [
                0.7718333333333334,
                0.5375
            ],
            [
                0.8742777777777778,
                0.5455
            ],
            [
                0.9331111111111111,
                0.5705
            ]
        ],
        "3": [
            [
                0.9537222222222221,
                0.59
            ],
            [
                0.8108333333333333,
                0.5615
            ],
            [
                0.8245000000000001,
                0.567
            ],
            [
                0.9147777777777778,
                0.5765
            ]
        ],
        "4": [
            [
                0.8776111111111111,
                0.568
            ],
            [
                0.9301666666666668,
                0.5894999999999999
            ],
            [
                0.9120555555555555,
                0.5725
            ],
            [
                0.951388888888889,
                0.5974999999999999
            ]
        ],
        "5": [
            [
                0.9066666666666666,
                0.5995
            ],
            [
                0.9067777777777778,
                0.5955
            ],
            [
                0.9318888888888889,
                0.6035
            ],
            [
                0.9411666666666667,
                0.617
            ]
        ],