{
    "mean": {
        "0": [
            [
                0.9994999999999999,
                0.9994999999999999
            ],
            [
                0.999,
                0.998
            ],
            [
                1.0,
                1.0
            ],
            [
                0.9995555555555555,
                0.999
            ]
        ],
        "1": [
            [
                0.9997777777777778,
                0.999
            ],
            [
                0.9999444444444444,
                0.9989999999999999
            ],
            [
                0.9998333333333334,
                0.999
            ],
            [
                0.9988333333333334,
                0.9974999999999999
            ]
        ],
        "2": [
            [
                0.9990555555555556,
                0.9970000000000001
            ],
            [
                0.9984444444444444,
                0.998
            ],
            [
                0.9995,
                0.999
            ],
            [
                0.999,
                0.9974999999999999
            ]
        ],
        "3": [
            [
                0.9994444444444444,
                0.9984999999999999
            ],
            [
                0.999,
                0.9974999999999999
            ],
            [
                0.9993333333333332,
                0.9969999999999999
            ],
            [
                0.9992222222222221,
                0.9974999999999999
            ]
        ],
        "4": [
            [
                0.9998888888888888,
                0.9984999999999999
            ],
            [
                0.9984444444444444,
                0.9964999999999999
            ],
            [
                0.997388888888889,
                0.9964999999999999
            ],
            [
                0.9987222222222222,
                0.9979999999999999
            ]
        ],
        "5": [
            [
                0.9992222222222222,
                0.9974999999999999
            ],
            [
                0.9975555555555555,
                0.9959999999999999
            ],
            [
                0.998,
                0.9950000000000001
            ],
            [
                1.0,
                0.9995
            ]
        ],
        "6": [
            [
                0.9991666666666668,
                0.9955
            ],
            [
                0.9965555555555555,
                0.9959999999999999
            ],
            [
                0.999388888888889,
                0.9960000000000001
            ],
            [
                0.9986111111111111,
                0.994
            ]
        ],
        "7": [
            [
                0.9998333333333334,
                0.9970000000000001
            ],
            [
                0.9990555555555556,
                0.9964999999999999
            ],
            [
                0.9991666666666668,
                0.9959999999999999
            ],
            [
                0.9995555555555555,
                0.9964999999999999
            ]
        ],
        "8": [
            [
                0.9996666666666666,
                0.9974999999999999
            ],
            [
                0.9971666666666665,
                0.9954999999999998
            ],
            [
                0.9996111111111112,
                0.998
            ],
            [
                0.9996666666666668,
                0.9984999999999999
            ]
        ],
        "9": [
            [
                0.999388888888889,
                0.9945
            ],
            [
                0.9932222222222222,
                0.986
            ],
            [
                0.9997777777777778,
                0.9970000000000001
            ],
            [
                0.9995555555555555,
                0.994
            ]
        ],
        "10": [
            [
                0.9991666666666668,
                0.9909999999999999
            ],
            [
                0.9987777777777778,
                0.9904999999999999
            ],
            [
                0.9992777777777778,
                0.9964999999999999
            ],
            [
                0.9991666666666668,
                0.9949999999999999
            ]
        ],
        "11": [
            [
                0.9984444444444444,
                0.9905000000000002
            ],
            [
                0.9988333333333334,
                0.9865
            ],
            [
                0.9990555555555556,
                0.992
            ],
            [
                0.9985555555555555,
                0.991
            ]
        ],
        "12": [
            [
                0.9983333333333333,
                0.9875
            ],
            [
                0.9986666666666666,
                0.9869999999999999
            ],
            [
                0.9976111111111111,
                0.9879999999999999
            ],
            [
                0.9987222222222222,
                0.9899999999999999
            ]
        ]
    },
    "haddamard": {
        "0": [
            [
                0.8300555555555554,
                0.776
            ],
            [
                0.8013888888888889,
                0.7645000000000001
            ],
            [
                0.8309999999999998,
                0.7785
            ],
            [
                0.7947777777777778,
                0.76
            ]
        ],
        "1": [
            [
                0.6301666666666665,
                0.538
            ],
            [
                0.6045,
                0.537
            ],
            [
                0.7425555555555555,
                0.583
            ],
            [
                0.7421111111111112,
                0.5824999999999999
            ]
        ],
        "2": [
            [
                0.6835555555555556,
                0.5705
            ],
            [
                0.6323333333333333,
                0.545
            ],
            [
                0.7064999999999999,
                0.594
            ],
            [
                0.7981111111111112,
                0.619
            ]
        ],
        "3": [
            [
                0.6642222222222223,
                0.557
            ],
            [
                0.6754444444444444,
                0.5660000000000001
            ],
            [
                0.6869444444444445,
                0.5654999999999999
            ],
            [
                0.8660555555555556,
                0.618
            ]
        ],
        "4": [
            [
                0.9402777777777779,
                0.6895
            ],
            [
                0.7495555555555555,
                0.597
            ],
            [
                0.8645555555555555,
                0.6479999999999999
            ],
            [
                0.8613888888888889,
                0.6520000000000001
            ]
        ],
        "5": [
            [
                0.7893888888888889,
                0.614
            ],
            [
                0.7373333333333333,
                0.5855
            ],
            [
                0.7515555555555555,
                0.5814999999999999
            ],
            [
                0.8621111111111113,
                0.6335
            ]
        ],
        "6": [
            [
                0.8642777777777777,
                0.6495
            ],
            [
                0.8723333333333334,
                0.6639999999999999
            ],
            [
                0.8443333333333332,
                0.6455
            ],
            [
                0.782611111111111,
                0.6194999999999999
            ]
        ],