{
    "mean": {
        "0": [
            [
                0.9922222222222224,
                0.9564999999999999
            ],
            [
                0.9939444444444445,
                0.9640000000000001
            ],
            [
                0.9919444444444446,
                0.961
            ],
            [
                0.9916666666666668,
                0.958
            ]
        ],
        "1": [
            [
                0.9902222222222223,
                0.9465
            ],
            [
                0.9906111111111112,
                0.9460000000000001
            ],
            [
                0.9904444444444446,
                0.9389999999999998
            ],
            [
                0.9915,
                0.9410000000000001
            ]
        ],
        "2": [
            [
                0.9915555555555556,
                0.9549999999999998
            ],
            [
                0.9924444444444445,
                0.9494999999999999
            ],
            [
                0.9911666666666668,
                0.9480000000000001
            ],
            [
                0.9919444444444446,
                0.9499999999999998
            ]
        ],
        "3": [
            [
                0.9941111111111111,
                0.9615
            ],
            [
                0.9931666666666669,
                0.9545
            ],
            [
                0.9921111111111113,
                0.9545
            ],
            [
                0.992388888888889,
                0.9594999999999999
            ]
        ],
        "4": [
            [
                0.9957777777777777,
                0.9720000000000001
            ],
            [
                0.9952222222222222,
                0.9664999999999999
            ],
            [
                0.9946666666666669,
                0.9654999999999999
            ],
            [
                0.993611111111111,
                0.9629999999999999
            ]
        ],
        "5": [
            [
                0.9939444444444444,
                0.9715
            ],
            [
                0.9961111111111111,
                0.9635
            ],
            [
                0.9946111111111111,
                0.9629999999999999
            ],
            [
                0.9957777777777777,
                0.9654999999999999
            ]
        ],
        "6": [
            [
                0.9937222222222223,
                0.9594999999999999
            ],
            [
                0.9947222222222223,
                0.9635
            ],
            [
                0.9947777777777779,
                0.9604999999999999
            ],
            [
                0.9953888888888889,
                0.9645000000000001
            ]
        ],
        "7": [
            [
                0.9932777777777779,
                0.9604999999999999
            ],
            [
                0.991888888888889,
                0.9540000000000001
            ],
            [
                0.9925555555555556,
                0.953
            ],
            [
                0.9954444444444445,
                0.9635
            ]
        ],
        "8": [
            [
                0.9949999999999999,
                0.9614999999999998
            ],
            [
                0.9928888888888888,
                0.9594999999999999
            ],
            [
                0.9937777777777779,
                0.9640000000000001
            ],
            [
                0.9951666666666666,
                0.9655000000000001
            ]
        ],
        "9": [
            [
                0.9946666666666666,
                0.9574999999999999
            ],
            [
                0.9934999999999998,
                0.9630000000000001
            ],
            [
                0.9934444444444445,
                0.959
            ],
            [
                0.9956666666666665,
                0.9559999999999998
            ]
        ],
        "10": [
            [
                0.993611111111111,
                0.9504999999999999
            ],
            [
                0.9917222222222224,
                0.944
            ],
            [
                0.9903333333333334,
                0.943
            ],
            [
                0.9943333333333333,
                0.9455
            ]
        ],
        "11": [
            [
                0.992888888888889,
                0.9414999999999999
            ],
            [
                0.9888333333333333,
                0.9365
            ],
            [
                0.987111111111111,
                0.9340000000000002
            ],
            [
                0.9902777777777778,
                0.9335000000000001
            ]
        ],
        "12": [
            [
                0.9881666666666666,
                0.9265000000000001
            ],
            [
                0.9877777777777779,
                0.9200000000000002
            ],
            [
                0.9853888888888889,
                0.9135000000000002
            ],
            [
                0.9865,
                0.9115
            ]
        ]
    },
    "haddamard": {
        "0": [
            [
                0.5492222222222223,
                0.5005
            ],
            [
                0.5349999999999999,
                0.49749999999999994
            ],
            [
                0.5398888888888889,
                0.5035000000000001
            ],
            [
                0.5687222222222221,
                0.504
            ]
        ],
        "1": [
            [
                0.6095555555555556,
                0.5050000000000001
            ],
            [
                0.5753333333333333,
                0.513
            ],
            [
                0.6066666666666667,
                0.4965
            ],
            [
                0.6092222222222222,
                0.5110000000000001
            ]
        ],
        "2": [
            [
                0.6088888888888888,
                0.5109999999999999
            ],
            [
                0.5614444444444444,
                0.5
            ],
            [
                0.6201111111111112,
                0.511
            ],
            [
                0.6077222222222223,
                0.5
            ]
        ],
        "3": [
            [
                0.5915555555555555,
                0.502
            ],
            [
                0.5666666666666667,
                0.5045
            ],
            [
                0.6131666666666667,
                0.4915
            ],
            [
                0.6086666666666666,
                0.506
            ]
        ],
        "4": [
            [
                0.6076111111111111,
                0.508
            ],
            [
                0.5825555555555555,
                0.5
            ],
            [
                0.5850555555555556,
                0.488
            ],
            [
                0.5925,
                0.4915000000000001
            ]
        ],
        "5": [
            [
                0.5908888888888889,
                0.5005
            ],
            [
                0.5581666666666667,
                0.5045
            ],
            [
                0.5945,
                0.496
            ],
            [
                0.6019444444444445,
                0.502
            ]
        ],
        "6": [
            [
                0.603,
                0.517
            ],
            [
                0.5547222222222222,
                0.501
            ],
            [
                0.5857777777777777,
                0.5005
            ],
            [
                0.5986111111111111,
                0.5095
            ]
        ],