{
    "mean": {
        "0": [
            [
                0.8509318819306175,
                0.6561360448807855
            ],
            [
                0.9542111994419171,
                0.689726507713885
            ],
            [
                0.9486633627392562,
                0.6572113136979898
            ],
            [
                0.9217844114697632,
                0.6539387564282375
            ]
        ],
        "1": [
            [
                0.9224026625198019,
                0.6419471715755025
            ],
            [
                0.9349340910081823,
                0.6593151005142591
            ],
            [
                0.9208286947548942,
                0.6539270687237027
            ],
            [
                0.9300895257749939,
                0.6854020570359981
            ]
        ],
        "2": [
            [
                0.9163753687851527,
                0.6462716222533895
            ],
            [
                0.9193878529800747,
                0.6669354838709678
            ],
            [
                0.9356443385120701,
                0.6647498831229547
            ],
            [
                0.9177919397735697,
                0.6821528751753155
            ]
        ],
        "3": [
            [
                0.9569719650616942,
                0.6723352033660588
            ],
            [
                0.882625459618934,
                0.6571645628798504
            ],
            [
                0.9509478686761522,
                0.6712248714352501
            ],
            [
                0.9390118737919106,
                0.7037050023375409
            ]
        ],
        "4": [
            [
                0.8984161495196711,
                0.6647381954184197
            ],
            [
                0.8778025491592425,
                0.6886629266012155
            ],
            [
                0.9041639658755649,
                0.6929172510518934
            ],
            [
                0.9164734692691152,
                0.7113838242169239
            ]
        ],
        "5": [
            [
                0.9403524350720129,
                0.7005960729312762
            ],
            [
                0.8930938712630982,
                0.7113955119214586
            ],
            [
                0.9024934963012484,
                0.7038218793828892
            ],
            [
                0.9259979362564856,
                0.6852851799906499
            ]
        ],
        "6": [
            [
                0.9386636534073569,
                0.6788686302010285
            ],
            [
                0.8934682517767089,
                0.7201262272089761
            ],
            [
                0.9257447643408374,
                0.7135577372604021
            ],
            [
                0.9510634092461523,
                0.6875525946704066
            ]
        ],
        "7": [
            [
                0.9175785893877076,
                0.7038101916783543
            ],
            [
                0.9045711918845466,
                0.7277699859747545
            ],
            [
                0.9447883209557167,
                0.6918186068256195
            ],
            [
                0.9182801168485766,
                0.7016129032258064
            ]
        ],
        "8": [
            [
                0.9416752655979769,
                0.6897148200093502
            ],
            [
                0.8668248870027758,
                0.7091514726507715
            ],
            [
                0.951680352289738,
                0.7027466105656849
            ],
            [
                0.9034746464749224,
                0.69075502571295
            ]
        ],
        "9": [
            [
                0.9276865725870913,
                0.6843618513323984
            ],
            [
                0.8766958303660963,
                0.7167718560074802
            ],
            [
                0.9382872382170419,
                0.7124590930341281
            ],
            [
                0.9059848561919572,
                0.7005493221131369
            ]
        ],
        "10": [
            [
                0.9435904777130233,
                0.6984689107059374
            ],
            [
                0.8877936837821734,
                0.6983987844787285
            ],
            [
                0.9480554304067901,
                0.6940275829827021
            ],
            [
                0.8937176450070486,
                0.6875876577840112
            ]
        ],
        "11": [
            [
                0.949246588283169,
                0.6875876577840112
            ],
            [
                0.8962317787434418,
                0.6962365591397849
            ],
            [
                0.9543206359818042,
                0.7048503973819541
            ],
            [
                0.9009400206374352,
                0.6874824684431976
            ]
        ],
        "12": [
            [
                0.8500889444387925,
                0.6605072463768116
            ],
            [
                0.9448102663973144,
                0.6788920056100982
            ],
            [
                0.9197282253259115,
                0.7070944366526415
            ],
            [
                0.9114046535962912,
                0.6875525946704066
            ]
        ]
    },
    "haddamard": {
        "0": [
            [
                0.6723365355269088,
                0.556299672744273
            ],
            [
                0.6520837996134115,
                0.5433263207106125
            ],
            [
                0.6089562108506402,
                0.5379149135109864
            ],
            [
                0.6043629281904457,
                0.5444366526414213
            ]
        ],
        "1": [
            [
                0.6101568154402895,
                0.49574567554932214
            ],
            [
                0.8092258055139739,
                0.4987844787283778
            ],
            [
                0.6615935878617002,
                0.5237844787283776
            ],
            [
                0.7993532634760998,
                0.5052360916316035
            ]
        ],
        "2": [
            [
                0.7766820236313166,
                0.49793127629733525
            ],
            [
                0.852473876204456,
                0.5000116877045349
            ],
            [
                0.840456348917988,
                0.495617110799439
            ],
            [
                0.8910288197421773,
                0.5064633006077607
            ]
        ],
        "3": [
            [
                0.8745162556135277,
                0.4967391304347826
            ],
            [
                0.836341360617379,
                0.5151238896680692
            ],
            [
                0.8668465417762728,
                0.5183964469378214
            ],
            [
                0.8554014853139942,
                0.4881369798971481
            ]
        ],
        "4": [
            [
                0.8903008414841512,
                0.5022206638616176
            ],
            [
                0.8798562646242388,
                0.52260402057036
            ],
            [
                0.862367201011525,
                0.5444834034595605
            ],
            [
                0.8528665688084061,
                0.5107059373539037
            ]
        ],