{
    "pooler": {
        "0": [
            [
                0.9912777777777778,
                0.9870000000000001
            ],
            [
                0.9959444444444443,
                0.993
            ],
            [
                0.9944999999999998,
                0.992
            ],
            [
                0.9972222222222221,
                0.994
            ]
        ]
    },
    "cls": {
        "0": [
            [
                0.5,
                0.5
            ],
            [
                0.5,
                0.5
            ],
            [
                0.5,
                0.5
            ],
            [
                0.5,
                0.5
            ]
        ],
        "1": [
            [
                1.0,
                1.0
            ],
            [
                0.9998888888888888,
                0.9995
            ],
            [
                0.9994999999999999,
                0.9995
            ],
            [
                1.0,
                1.0
            ]
        ],
        "2": [
            [
                1.0,
                1.0
            ],
            [
                1.0,
                0.9995
            ],
            [
                1.0,
                1.0
            ],
            [
                1.0,
                1.0
            ]
        ],
        "3": [
            [
                1.0,
                1.0
            ],
            [
                1.0,
                1.0
            ],
            [
                1.0,
                1.0
            ],
            [
                1.0,
                1.0
            ]
        ],
        "4": [
            [
                0.9987222222222222,
                0.998
            ],
            [
                1.0,
                1.0
            ],
            [
                1.0,
                0.9994999999999999
            ],
            [
                0.999,
                0.999
            ]
        ],
        "5": [
            [
                1.0,
                1.0
            ],
            [
                1.0,
                1.0
            ],
            [
                1.0,
                1.0
            ],
            [
                1.0,
                1.0
            ]
        ],
        "6": [
            [
                1.0,
                1.0
            ],
            [
                1.0,
                1.0
            ],
            [
                1.0,
                1.0
            ],
            [
                1.0,
                1.0
            ]
        ],
        "7": [
            [
                1.0,
                1.0
            ],
            [
                1.0,
                1.0
            ],
            [
                1.0,
                1.0
            ],
            [
                1.0,
                1.0
            ]
        ],
        "8": [
            [
                1.0,
                1.0
            ],
            [
                1.0,
                1.0
            ],
            [
                1.0,
                1.0
            ],
            [
                0.9999444444444444,
                0.9994999999999999
            ]
        ],
        "9": [
            [
                0.9984999999999999,
                0.998
            ],
            [
                0.9984999999999999,
                0.9984999999999999
            ],
            [
                0.9984999999999999,
                0.9984999999999999
            ],
            [
                0.9993333333333334,
                0.9984999999999999
            ]
        ],
        "10": [
            [
                0.9997222222222222,
                0.9995
            ],
            [
                1.0,
                1.0
            ],
            [
                1.0,
                1.0
            ],
            [
                0.9994999999999999,
                0.999
            ]
        ],
        "11": [
            [
                0.9958888888888889,
                0.9945
            ],
            [
                0.9970555555555555,
                0.9964999999999999
            ],
            [
                0.9968888888888887,
                0.9964999999999999
            ],
            [
                0.9988333333333334,
                0.9970000000000001
            ]
        ],
        "12": [
            [
                0.9949444444444444,
                0.991
            ],
            [
                0.9961111111111111,
                0.991
            ],
            [
                0.9981111111111112,
                0.994
            ],
            [
                0.9984999999999999,
                0.994
            ]
        ]
    },
    "mean": {
        "0": [
            [
                1.0,
                0.9994999999999999
            ],
            [
                0.9997777777777778,
                0.9995
            ],
            [
                1.0,
                1.0
            ],
            [
                0.9998333333333334,
                0.9995
            ]
        ],
        "1": [
            [
                1.0,
                1.0
            ],
            [
                1.0,
                0.9995
            ],
            [
                1.0,
                1.0
            ],
            [
                1.0,
                1.0
            ]
        ],
        "2": [
            [
                1.0,
                1.0
            ],
            [
                1.0,
                1.0
            ],
            [
                1.0,
                0.9995
            ],
            [
                1.0,
                1.0
            ]
        ],
        "3": [
            [
                1.0,
                1.0
            ],
            [
                1.0,
                0.9995
            ],
            [
                1.0,
                0.9995
            ],
            [
                1.0,
                1.0
            ]
        ],
        "4": [
            [
                1.0,
                1.0
            ],
            [
                1.0,
                0.9995
            ],
            [
                1.0,
                1.0
            ],
            [
                1.0,
                1.0
            ]
        ],
        "5": [
            [
                1.0,
                1.0
            ],
            [
                0.9997222222222222,
                0.999
            ],
            [
                1.0,
                1.0
            ],
            [
                1.0,
                1.0
            ]
        ],
        "6": [
            [
                1.0,
                1.0
            ],
            [
                0.9998333333333334,
                0.9995
            ],
            [
                1.0,
                1.0
            ],
            [
                1.0,
                1.0
            ]
        ],
        "7": [
            [
                0.9995555555555555,
                0.999
            ],
            [
                1.0,
                0.9995
            ],
            [
                0.9998888888888888,
                0.9995
            ],
            [
                1.0,
                1.0
            ]
        ],
        "8": [
            [
                0.9988333333333334,
                0.9995
            ],
            [
                0.9997222222222222,
                0.999
            ],
            [
                0.999388888888889,
                0.999
            ],
            [
                1.0,
                1.0
            ]
        ],