{
    "pooler": {
        "0": [
            [
                0.9993333333333334,
                0.9984999999999999
            ],
            [
                0.9995,
                0.999
            ],
            [
                0.998888888888889,
                0.998
            ],
            [
                0.9994999999999999,
                0.999
            ]
        ]
    },
    "cls": {
        "0": [
            [
                0.5,
                0.5
            ],
            [
                0.5,
                0.5
            ],
            [
                0.5,
                0.5
            ],
            [
                0.5,
                0.5
            ]
        ],
        "1": [
            [
                1.0,
                1.0
            ],
            [
                1.0,
                1.0
            ],
            [
                1.0,
                1.0
            ],
            [
                1.0,
                1.0
            ]
        ],
        "2": [
            [
                1.0,
                1.0
            ],
            [
                1.0,
                1.0
            ],
            [
                1.0,
                1.0
            ],
            [
                1.0,
                1.0
            ]
        ],
        "3": [
            [
                1.0,
                1.0
            ],
            [
                1.0,
                1.0
            ],
            [
                1.0,
                1.0
            ],
            [
                1.0,
                1.0
            ]
        ],
        "4": [
            [
                1.0,
                1.0
            ],
            [
                1.0,
                1.0
            ],
            [
                1.0,
                1.0
            ],
            [
                1.0,
                1.0
            ]
        ],
        "5": [
            [
                1.0,
                1.0
            ],
            [
                1.0,
                1.0
            ],
            [
                0.9998333333333334,
                0.9995
            ],
            [
                0.9995555555555555,
                0.9995
            ]
        ],
        "6": [
            [
                1.0,
                1.0
            ],
            [
                1.0,
                1.0
            ],
            [
                1.0,
                1.0
            ],
            [
                1.0,
                1.0
            ]
        ],
        "7": [
            [
                1.0,
                1.0
            ],
            [
                1.0,
                1.0
            ],
            [
                1.0,
                1.0
            ],
            [
                1.0,
                1.0
            ]
        ],
        "8": [
            [
                1.0,
                1.0
            ],
            [
                1.0,
                1.0
            ],
            [
                1.0,
                1.0
            ],
            [
                1.0,
                1.0
            ]
        ],
        "9": [
            [
                1.0,
                1.0
            ],
            [
                1.0,
                1.0
            ],
            [
                1.0,
                1.0
            ],
            [
                1.0,
                1.0
            ]
        ],
        "10": [
            [
                1.0,
                1.0
            ],
            [
                1.0,
                1.0
            ],
            [
                1.0,
                1.0
            ],
            [
                1.0,
                1.0
            ]
        ],
        "11": [
            [
                1.0,
                1.0
            ],
            [
                1.0,
                1.0
            ],
            [
                1.0,
                1.0
            ],
            [
                1.0,
                1.0
            ]
        ],
        "12": [
            [
                1.0,
                1.0
            ],
            [
                0.9994444444444446,
                0.999
            ],
            [
                0.9998888888888888,
                0.9995
            ],
            [
                1.0,
                0.9994999999999999
            ]
        ]
    },
    "mean": {
        "0": [
            [
                0.9995555555555555,
                0.9995
            ],
            [
                1.0,
                1.0
            ],
            [
                1.0,
                1.0
            ],
            [
                1.0,
                1.0
            ]
        ],
        "1": [
            [
                1.0,
                0.999
            ],
            [
                0.9998333333333334,
                0.999
            ],
            [
                1.0,
                1.0
            ],
            [
                1.0,
                1.0
            ]
        ],
        "2": [
            [
                0.9996666666666666,
                0.999
            ],
            [
                1.0,
                1.0
            ],
            [
                1.0,
                1.0
            ],
            [
                1.0,
                0.9994999999999999
            ]
        ],
        "3": [
            [
                0.9993333333333334,
                0.9984999999999999
            ],
            [
                1.0,
                0.9994999999999999
            ],
            [
                1.0,
                1.0
            ],
            [
                1.0,
                0.9995
            ]
        ],
        "4": [
            [
                0.9995,
                0.999
            ],
            [
                0.9995555555555555,
                0.9994999999999999
            ],
            [
                1.0,
                1.0
            ],
            [
                1.0,
                0.9995
            ]
        ],
        "5": [
            [
                1.0,
                1.0
            ],
            [
                0.9998888888888888,
                0.9994999999999999
            ],
            [
                1.0,
                1.0
            ],
            [
                1.0,
                0.9995
            ]
        ],
        "6": [
            [
                1.0,
                1.0
            ],
            [
                1.0,
                1.0
            ],
            [
                1.0,
                1.0
            ],
            [
                1.0,
                1.0
            ]
        ],
        "7": [
            [
                0.9999444444444444,
                0.999
            ],
            [
                1.0,
                1.0
            ],
            [
                1.0,
                1.0
            ],
            [
                0.9998333333333334,
                0.9994999999999999
            ]
        ],
        "8": [
            [
                1.0,
                1.0
            ],
            [
                1.0,
                1.0
            ],
            [
                1.0,
                1.0
            ],
            [
                1.0,
                1.0
            ]
        ],
        "9": [
            [
                0.9999444444444444,
                0.9995
            ],
            [
                1.0,
                1.0
            ],
            [
                1.0,
                1.0
            ],
            [
                1.0,
                0.9995
            ]
        ],