{
    "mean": {
        "0": [
            [
                1.0,
                0.9995
            ],
            [
                0.9996666666666666,
                0.9995
            ],
            [
                0.9997777777777778,
                1.0
            ],
            [
                0.9997777777777778,
                1.0
            ]
        ],
        "1": [
            [
                0.9987777777777778,
                0.999
            ],
            [
                0.9974444444444446,
                0.9959999999999999
            ],
            [
                0.9989444444444444,
                0.9979999999999999
            ],
            [
                0.9994999999999999,
                0.9995
            ]
        ],
        "2": [
            [
                0.9990555555555556,
                0.9979999999999999
            ],
            [
                0.9986666666666668,
                0.9979999999999999
            ],
            [
                0.9994444444444446,
                0.9994999999999999
            ],
            [
                1.0,
                0.9995
            ]
        ],
        "3": [
            [
                0.9998888888888888,
                0.999
            ],
            [
                0.9979444444444445,
                0.9955
            ],
            [
                1.0,
                1.0
            ],
            [
                1.0,
                0.9995
            ]
        ],
        "4": [
            [
                0.9995555555555555,
                0.999
            ],
            [
                0.9988888888888889,
                0.9974999999999999
            ],
            [
                0.9999444444444444,
                0.9995
            ],
            [
                0.9996666666666666,
                0.9995
            ]
        ],
        "5": [
            [
                1.0,
                0.9995
            ],
            [
                0.9994999999999999,
                0.9995
            ],
            [
                0.9999444444444444,
                1.0
            ],
            [
                0.9999444444444444,
                0.9995
            ]
        ],
        "6": [
            [
                1.0,
                1.0
            ],
            [
                0.9992777777777778,
                0.999
            ],
            [
                1.0,
                1.0
            ],
            [
                1.0,
                1.0
            ]
        ],
        "7": [
            [
                1.0,
                1.0
            ],
            [
                0.999,
                0.9984999999999999
            ],
            [
                1.0,
                1.0
            ],
            [
                0.9998888888888888,
                0.9995
            ]
        ],
        "8": [
            [
                0.999611111111111,
                0.999
            ],
            [
                0.999388888888889,
                0.999
            ],
            [
                1.0,
                1.0
            ],
            [
                0.9994999999999999,
                0.9995
            ]
        ],
        "9": [
            [
                0.9997222222222222,
                0.9984999999999999
            ],
            [
                0.999611111111111,
                0.9995
            ],
            [
                1.0,
                0.9995
            ],
            [
                0.9994999999999999,
                0.999
            ]
        ],
        "10": [
            [
                0.9994999999999999,
                0.9979999999999999
            ],
            [
                0.9993888888888888,
                0.999
            ],
            [
                1.0,
                0.998
            ],
            [
                0.9998333333333334,
                0.9984999999999999
            ]
        ],
        "11": [
            [
                0.9989444444444444,
                0.998
            ],
            [
                0.9993333333333332,
                0.999
            ],
            [
                0.9992222222222222,
                0.9984999999999999
            ],
            [
                1.0,
                0.9995
            ]
        ],
        "12": [
            [
                0.9992222222222222,
                0.9969999999999999
            ],
            [
                0.9988888888888889,
                0.9984999999999999
            ],
            [
                0.9995,
                0.998
            ],
            [
                0.999388888888889,
                0.9984999999999999
            ]
        ]
    },
    "haddamard": {
        "0": [
            [
                0.8855555555555557,
                0.842
            ],
            [
                0.8713888888888889,
                0.835
            ],
            [
                0.8813888888888888,
                0.841
            ],
            [
                0.8850000000000001,
                0.8400000000000001
            ]
        ],
        "1": [
            [
                0.9703888888888889,
                0.7545000000000001
            ],
            [
                0.9742777777777777,
                0.736
            ],
            [
                0.9720555555555557,
                0.7455
            ],
            [
                0.9784444444444444,
                0.764
            ]
        ],
        "2": [
            [
                0.9795,
                0.7935000000000001
            ],
            [
                0.9780555555555555,
                0.7805
            ],
            [
                0.9796111111111111,
                0.7845
            ],
            [
                0.9788888888888888,
                0.7945
            ]
        ],
        "3": [
            [
                0.9760555555555556,
                0.7605000000000001
            ],
            [
                0.9732222222222221,
                0.7565
            ],
            [
                0.974,
                0.7625000000000001
            ],
            [
                0.9702777777777778,
                0.7619999999999999
            ]
        ],
        "4": [
            [
                0.9716666666666667,
                0.7124999999999999
            ],
            [
                0.9691666666666666,
                0.7155
            ],
            [
                0.9722777777777777,
                0.7270000000000001
            ],
            [
                0.9647222222222223,
                0.708
            ]
        ],
        "5": [
            [
                0.9724999999999999,
                0.7285
            ],
            [
                0.9642777777777777,
                0.7344999999999999
            ],
            [
                0.9666666666666668,
                0.729
            ],
            [
                0.9684999999999999,
                0.7274999999999999
            ]
        ],
        "6": [
            [
                0.9610555555555556,
                0.731
            ],
            [
                0.9460555555555554,
                0.7250000000000001
            ],
            [
                0.9545,
                0.7264999999999999
            ],
            [
                0.9623333333333335,
                0.7364999999999999
            ]
        ],
        "7": [
            [
                0.9181111111111111,
                0.7195
            ],
            [
                0.9291111111111112,
                0.7204999999999999
            ],
            [
                0.938,
                0.7215
            ],
            [
                0.9235555555555555,
                0.725
            ]
        ],