{
    "mean": {
        "0": [
            [
                0.9959444444444443,
                0.9875
            ],
            [
                0.9963333333333333,
                0.985
            ],
            [
                0.9963333333333333,
                0.9865
            ],
            [
                0.9962777777777777,
                0.9809999999999999
            ]
        ],
        "1": [
            [
                0.9957777777777777,
                0.9875
            ],
            [
                0.9957222222222221,
                0.9879999999999999
            ],
            [
                0.9952777777777777,
                0.986
            ],
            [
                0.9949444444444444,
                0.9855
            ]
        ],
        "2": [
            [
                0.9962777777777777,
                0.9875
            ],
            [
                0.9962777777777777,
                0.9894999999999999
            ],
            [
                0.9943333333333332,
                0.9870000000000001
            ],
            [
                0.9947777777777779,
                0.9880000000000001
            ]
        ],
        "3": [
            [
                0.9967222222222223,
                0.9914999999999999
            ],
            [
                0.9962777777777777,
                0.9935
            ],
            [
                0.9955555555555554,
                0.9945
            ],
            [
                0.9957777777777777,
                0.9940000000000001
            ]
        ],
        "4": [
            [
                0.9964444444444445,
                0.9914999999999999
            ],
            [
                0.9927777777777779,
                0.9890000000000001
            ],
            [
                0.9941111111111111,
                0.992
            ],
            [
                0.9943333333333332,
                0.9915
            ]
        ],
        "5": [
            [
                0.9966666666666667,
                0.9925
            ],
            [
                0.9955555555555554,
                0.9915
            ],
            [
                0.9946111111111111,
                0.9914999999999999
            ],
            [
                0.9948888888888888,
                0.9904999999999999
            ]
        ],
        "6": [
            [
                0.9957222222222221,
                0.99
            ],
            [
                0.9936666666666666,
                0.9879999999999999
            ],
            [
                0.9925555555555554,
                0.9875
            ],
            [
                0.9958333333333332,
                0.9904999999999999
            ]
        ],
        "7": [
            [
                0.9950555555555555,
                0.9884999999999999
            ],
            [
                0.9933888888888889,
                0.986
            ],
            [
                0.9948888888888888,
                0.9890000000000001
            ],
            [
                0.9954999999999998,
                0.9905000000000002
            ]
        ],
        "8": [
            [
                0.9956666666666667,
                0.9884999999999999
            ],
            [
                0.9957222222222221,
                0.9879999999999999
            ],
            [
                0.9952777777777776,
                0.9905000000000002
            ],
            [
                0.995611111111111,
                0.9879999999999999
            ]
        ],
        "9": [
            [
                0.9957222222222221,
                0.9875
            ],
            [
                0.9944444444444442,
                0.986
            ],
            [
                0.9949444444444444,
                0.9875
            ],
            [
                0.9959444444444443,
                0.9884999999999999
            ]
        ],
        "10": [
            [
                0.9947222222222223,
                0.9834999999999999
            ],
            [
                0.9961666666666666,
                0.9795
            ],
            [
                0.9949999999999999,
                0.9799999999999999
            ],
            [
                0.9959444444444443,
                0.984
            ]
        ],
        "11": [
            [
                0.9949999999999999,
                0.9785
            ],
            [
                0.9953888888888889,
                0.976
            ],
            [
                0.9952777777777779,
                0.975
            ],
            [
                0.9951666666666666,
                0.975
            ]
        ],
        "12": [
            [
                0.9926111111111112,
                0.9644999999999999
            ],
            [
                0.9956666666666665,
                0.969
            ],
            [
                0.9936111111111112,
                0.9640000000000001
            ],
            [
                0.9949444444444444,
                0.9685
            ]
        ]
    },
    "haddamard": {
        "0": [
            [
                0.6197222222222222,
                0.5599999999999999
            ],
            [
                0.6687777777777779,
                0.58
            ],
            [
                0.688,
                0.6024999999999999
            ],
            [
                0.6377222222222223,
                0.57
            ]
        ],
        "1": [
            [
                0.5774999999999999,
                0.49749999999999994
            ],
            [
                0.5522222222222222,
                0.5079999999999999
            ],
            [
                0.5801111111111112,
                0.492
            ],
            [
                0.5980555555555556,
                0.518
            ]
        ],
        "2": [
            [
                0.5863333333333334,
                0.5040000000000001
            ],
            [
                0.5445555555555555,
                0.49499999999999994
            ],
            [
                0.5775555555555555,
                0.48949999999999994
            ],
            [
                0.5892222222222223,
                0.509
            ]
        ],
        "3": [
            [
                0.5875,
                0.508
            ],
            [
                0.5481666666666667,
                0.507
            ],
            [
                0.5886666666666667,
                0.511
            ],
            [
                0.5864444444444444,
                0.5075
            ]
        ],
        "4": [
            [
                0.5889444444444444,
                0.5050000000000001
            ],
            [
                0.5615555555555555,
                0.5094999999999998
            ],
            [
                0.5927777777777778,
                0.5045000000000001
            ],
            [
                0.5816666666666668,
                0.5045
            ]
        ],
        "5": [
            [
                0.5844444444444445,
                0.5045
            ],
            [
                0.5607222222222222,
                0.5055
            ],
            [
                0.5925555555555555,
                0.5175
            ],
            [
                0.5860000000000001,
                0.5010000000000001
            ]
        ],
        "6": [
            [
                0.5956111111111111,
                0.5065
            ],
            [
                0.5533888888888889,
                0.502
            ],
            [
                0.5908333333333332,
                0.495
            ],
            [
                0.5816111111111111,
                0.4915
            ]
        ],