{
    "mean": {
        "0": [
            [
                0.9997777777777778,
                0.9974999999999999
            ],
            [
                0.9982222222222221,
                0.9904999999999999
            ],
            [
                0.9999444444444444,
                0.9964999999999999
            ],
            [
                0.999611111111111,
                0.9969999999999999
            ]
        ],
        "1": [
            [
                0.9988888888888889,
                0.9949999999999999
            ],
            [
                0.9966111111111111,
                0.9945
            ],
            [
                0.9984999999999999,
                0.9955
            ],
            [
                0.9999444444444444,
                0.999
            ]
        ],
        "2": [
            [
                0.9990555555555556,
                0.9955
            ],
            [
                0.9969999999999999,
                0.9919999999999998
            ],
            [
                0.999388888888889,
                0.9974999999999999
            ],
            [
                0.9998888888888888,
                0.999
            ]
        ],
        "3": [
            [
                0.9998333333333334,
                0.999
            ],
            [
                0.9979444444444445,
                0.9974999999999999
            ],
            [
                1.0,
                0.999
            ],
            [
                0.9992777777777778,
                0.9974999999999999
            ]
        ],
        "4": [
            [
                0.9999444444444444,
                0.9984999999999999
            ],
            [
                0.9953333333333332,
                0.9934999999999998
            ],
            [
                0.9997777777777778,
                0.999
            ],
            [
                0.9991111111111112,
                0.9984999999999999
            ]
        ],
        "5": [
            [
                0.9994444444444444,
                0.9964999999999999
            ],
            [
                0.9986111111111111,
                0.9970000000000001
            ],
            [
                0.9997777777777778,
                0.9979999999999999
            ],
            [
                0.9991111111111112,
                0.9979999999999999
            ]
        ],
        "6": [
            [
                0.9995555555555555,
                0.9979999999999999
            ],
            [
                0.9983888888888888,
                0.9979999999999999
            ],
            [
                0.9979999999999999,
                0.9974999999999999
            ],
            [
                0.9994444444444446,
                0.9984999999999999
            ]
        ],
        "7": [
            [
                0.9989444444444444,
                0.9979999999999999
            ],
            [
                0.9993333333333334,
                0.998
            ],
            [
                0.9991666666666668,
                0.9970000000000001
            ],
            [
                0.9998888888888888,
                0.9984999999999999
            ]
        ],
        "8": [
            [
                0.9996666666666666,
                0.9974999999999999
            ],
            [
                0.9996666666666666,
                0.999
            ],
            [
                0.9982222222222221,
                0.9974999999999999
            ],
            [
                0.9976666666666667,
                0.9974999999999999
            ]
        ],
        "9": [
            [
                0.9988888888888889,
                0.998
            ],
            [
                0.9992777777777777,
                0.998
            ],
            [
                0.9984444444444444,
                0.9974999999999999
            ],
            [
                0.9978333333333333,
                0.9964999999999999
            ]
        ],
        "10": [
            [
                0.9988888888888889,
                0.9969999999999999
            ],
            [
                0.9997222222222222,
                0.999
            ],
            [
                0.9971666666666665,
                0.9954999999999998
            ],
            [
                0.9991111111111112,
                0.9979999999999999
            ]
        ],
        "11": [
            [
                0.9992777777777778,
                0.9969999999999999
            ],
            [
                0.9999444444444444,
                0.9984999999999999
            ],
            [
                0.9984444444444444,
                0.994
            ],
            [
                0.998111111111111,
                0.9955
            ]
        ],
        "12": [
            [
                0.9988888888888889,
                0.9974999999999999
            ],
            [
                0.9982222222222223,
                0.9949999999999999
            ],
            [
                0.997388888888889,
                0.9924999999999999
            ],
            [
                0.9978888888888889,
                0.9964999999999999
            ]
        ]
    },
    "haddamard": {
        "0": [
            [
                0.6705555555555556,
                0.586
            ],
            [
                0.6499999999999999,
                0.5824999999999999
            ],
            [
                0.6751666666666666,
                0.5914999999999999
            ],
            [
                0.6280555555555556,
                0.5725
            ]
        ],
        "1": [
            [
                0.9408333333333333,
                0.6195
            ],
            [
                0.8858333333333333,
                0.5855
            ],
            [
                0.783888888888889,
                0.5854999999999999
            ],
            [
                0.9025555555555556,
                0.595
            ]
        ],
        "2": [
            [
                0.8207222222222222,
                0.594
            ],
            [
                0.9428888888888889,
                0.6415
            ],
            [
                0.9471666666666667,
                0.6479999999999999
            ],
            [
                0.9245000000000001,
                0.6355
            ]
        ],
        "3": [
            [
                0.9216666666666666,
                0.6094999999999999
            ],
            [
                0.9217777777777776,
                0.6045
            ],
            [
                0.9248333333333333,
                0.6100000000000001
            ],
            [
                0.9541666666666668,
                0.6275000000000001
            ]
        ],
        "4": [
            [
                0.923,
                0.5645
            ],
            [
                0.9101111111111111,
                0.5679999999999998
            ],
            [
                0.9283333333333333,
                0.5539999999999999
            ],
            [
                0.7526111111111111,
                0.5280000000000001
            ]
        ],
        "5": [
            [
                0.9127777777777777,
                0.5825
            ],
            [
                0.8817222222222222,
                0.5765
            ],
            [
                0.93,
                0.5740000000000001
            ],
            [
                0.8880555555555556,
                0.5825
            ]
        ],