{
    "mean": {
        "0": [
            [
                0.9952777777777777,
                0.958
            ],
            [
                0.9964999999999999,
                0.958
            ],
            [
                0.9939444444444444,
                0.9519999999999997
            ],
            [
                0.9923333333333332,
                0.9585000000000001
            ]
        ],
        "1": [
            [
                0.9976666666666667,
                0.974
            ],
            [
                0.9951111111111111,
                0.9645000000000001
            ],
            [
                0.9958888888888888,
                0.966
            ],
            [
                0.9971666666666665,
                0.9734999999999999
            ]
        ],
        "2": [
            [
                0.9983333333333333,
                0.9809999999999999
            ],
            [
                0.9979444444444443,
                0.97
            ],
            [
                0.9957222222222223,
                0.9719999999999999
            ],
            [
                0.9967777777777777,
                0.9764999999999999
            ]
        ],
        "3": [
            [
                0.9991111111111112,
                0.9814999999999999
            ],
            [
                0.9984444444444444,
                0.9804999999999999
            ],
            [
                0.997388888888889,
                0.9785
            ],
            [
                0.9966666666666665,
                0.9810000000000001
            ]
        ],
        "4": [
            [
                0.9990555555555556,
                0.9870000000000001
            ],
            [
                0.9991666666666668,
                0.9890000000000001
            ],
            [
                0.9989444444444444,
                0.9875
            ],
            [
                0.9977777777777778,
                0.9864999999999998
            ]
        ],
        "5": [
            [
                0.999388888888889,
                0.9864999999999998
            ],
            [
                0.9989444444444444,
                0.9860000000000001
            ],
            [
                0.9992222222222222,
                0.985
            ],
            [
                0.9986111111111111,
                0.9884999999999999
            ]
        ],
        "6": [
            [
                0.9987222222222222,
                0.984
            ],
            [
                0.9988888888888889,
                0.9869999999999999
            ],
            [
                0.9981111111111112,
                0.9814999999999999
            ],
            [
                0.9973888888888889,
                0.9855
            ]
        ],
        "7": [
            [
                0.9989444444444444,
                0.982
            ],
            [
                0.9986111111111111,
                0.9880000000000001
            ],
            [
                0.9984999999999999,
                0.985
            ],
            [
                0.9989444444444444,
                0.9889999999999999
            ]
        ],
        "8": [
            [
                0.9986111111111111,
                0.9795
            ],
            [
                0.9987222222222222,
                0.9890000000000001
            ],
            [
                0.9986111111111111,
                0.9860000000000001
            ],
            [
                0.9976111111111111,
                0.9804999999999999
            ]
        ],
        "9": [
            [
                0.9985555555555555,
                0.9800000000000001
            ],
            [
                0.9985555555555555,
                0.9855
            ],
            [
                0.9983333333333333,
                0.982
            ],
            [
                0.9978333333333333,
                0.9814999999999999
            ]
        ],
        "10": [
            [
                0.9984999999999999,
                0.9795
            ],
            [
                0.9983333333333333,
                0.9810000000000001
            ],
            [
                0.9986666666666666,
                0.9809999999999999
            ],
            [
                0.9968333333333332,
                0.977
            ]
        ],
        "11": [
            [
                0.9983888888888888,
                0.9775
            ],
            [
                0.9973333333333333,
                0.9730000000000001
            ],
            [
                0.9978333333333333,
                0.9785
            ],
            [
                0.9966111111111109,
                0.975
            ]
        ],
        "12": [
            [
                0.9975555555555555,
                0.9684999999999999
            ],
            [
                0.9961666666666666,
                0.9695
            ],
            [
                0.9963888888888889,
                0.9710000000000001
            ],
            [
                0.9945555555555556,
                0.967
            ]
        ]
    },
    "haddamard": {
        "0": [
            [
                0.792111111111111,
                0.6525
            ],
            [
                0.8039444444444446,
                0.6475
            ],
            [
                0.8206111111111112,
                0.6515000000000001
            ],
            [
                0.8192777777777778,
                0.6575
            ]
        ],
        "1": [
            [
                0.7221111111111111,
                0.5225
            ],
            [
                0.792,
                0.5050000000000001
            ],
            [
                0.8687222222222222,
                0.506
            ],
            [
                0.8711111111111111,
                0.5375
            ]
        ],
        "2": [
            [
                0.8498888888888889,
                0.5414999999999999
            ],
            [
                0.807111111111111,
                0.5225
            ],
            [
                0.8465555555555557,
                0.5395000000000001
            ],
            [
                0.8233333333333335,
                0.525
            ]
        ],
        "3": [
            [
                0.8428888888888888,
                0.5275
            ],
            [
                0.8545,
                0.522
            ],
            [
                0.8991111111111112,
                0.5369999999999999
            ],
            [
                0.9223888888888888,
                0.5399999999999999
            ]
        ],
        "4": [
            [
                0.9241111111111111,
                0.5465000000000001
            ],
            [
                0.7958333333333332,
                0.536
            ],
            [
                0.9304444444444444,
                0.5525
            ],
            [
                0.807,
                0.542
            ]
        ],
        "5": [
            [
                0.8263333333333331,
                0.5355000000000001
            ],
            [
                0.7024444444444444,
                0.5155
            ],
            [
                0.7851666666666667,
                0.5269999999999999
            ],
            [
                0.8615555555555556,
                0.533
            ]
        ],
        "6": [
            [
                0.7381111111111112,
                0.5105
            ],
            [
                0.8131666666666668,
                0.5205
            ],
            [
                0.754611111111111,
                0.5155000000000001
            ],
            [
                0.8091666666666667,
                0.5245
            ]
        ],