{
    "mean": {
        "0": [
            [
                0.5,
                0.5
            ],
            [
                0.5,
                0.5
            ],
            [
                0.5,
                0.5
            ],
            [
                0.5,
                0.5
            ]
        ],
        "1": [
            [
                0.5542222222222223,
                0.554
            ],
            [
                0.5509444444444445,
                0.5365
            ],
            [
                0.5782222222222222,
                0.572
            ],
            [
                0.5681666666666667,
                0.5605
            ]
        ],
        "2": [
            [
                0.9351666666666667,
                0.817
            ],
            [
                0.7645,
                0.7055
            ],
            [
                0.8247222222222224,
                0.7329999999999999
            ],
            [
                0.9327222222222222,
                0.813
            ]
        ],
        "3": [
            [
                0.9937222222222223,
                0.9410000000000001
            ],
            [
                0.9927222222222223,
                0.9495000000000001
            ],
            [
                0.9919444444444444,
                0.9514999999999999
            ],
            [
                0.9931666666666666,
                0.9485000000000001
            ]
        ],
        "4": [
            [
                0.9987777777777778,
                0.9789999999999999
            ],
            [
                0.9974444444444444,
                0.9685
            ],
            [
                0.9974444444444444,
                0.9734999999999999
            ],
            [
                0.9976111111111111,
                0.9755
            ]
        ],
        "5": [
            [
                0.999611111111111,
                0.9824999999999999
            ],
            [
                0.9983888888888888,
                0.976
            ],
            [
                0.998,
                0.9729999999999999
            ],
            [
                0.9983333333333333,
                0.9799999999999999
            ]
        ],
        "6": [
            [
                0.9998333333333334,
                0.9899999999999999
            ],
            [
                0.9984444444444444,
                0.9880000000000001
            ],
            [
                0.999,
                0.9875
            ],
            [
                0.9981666666666668,
                0.9875
            ]
        ],
        "7": [
            [
                0.999388888888889,
                0.994
            ],
            [
                0.9983888888888888,
                0.9945
            ],
            [
                0.9992222222222222,
                0.992
            ],
            [
                0.9992222222222222,
                0.993
            ]
        ],
        "8": [
            [
                0.9989444444444444,
                0.9899999999999999
            ],
            [
                0.9978888888888889,
                0.9934999999999998
            ],
            [
                0.9991666666666668,
                0.9919999999999998
            ],
            [
                0.9976666666666667,
                0.9889999999999999
            ]
        ],
        "9": [
            [
                0.9994999999999999,
                0.993
            ],
            [
                0.9989444444444444,
                0.9924999999999999
            ],
            [
                0.9984444444444446,
                0.9935
            ],
            [
                0.9985555555555555,
                0.991
            ]
        ],
        "10": [
            [
                0.9998888888888888,
                0.9869999999999999
            ],
            [
                0.9991666666666668,
                0.9880000000000001
            ],
            [
                0.9991666666666668,
                0.9884999999999999
            ],
            [
                0.9986111111111111,
                0.9884999999999999
            ]
        ],
        "11": [
            [
                0.9992777777777778,
                0.985
            ],
            [
                0.9987222222222222,
                0.9804999999999999
            ],
            [
                0.9986111111111111,
                0.9814999999999999
            ],
            [
                0.9979999999999999,
                0.9855
            ]
        ],
        "12": [
            [
                0.9982222222222221,
                0.9724999999999999
            ],
            [
                0.9955,
                0.9705
            ],
            [
                0.9962222222222221,
                0.9705
            ],
            [
                0.9973333333333333,
                0.9680000000000002
            ]
        ]
    },
    "haddamard": {
        "0": [
            [
                0.5377777777777777,
                0.524
            ],
            [
                0.5270555555555557,
                0.5205
            ],
            [
                0.5761111111111111,
                0.552
            ],
            [
                0.5467777777777777,
                0.5375000000000001
            ]
        ],
        "1": [
            [
                0.5581111111111111,
                0.5075000000000001
            ],
            [
                0.5268888888888889,
                0.493
            ],
            [
                0.5533888888888889,
                0.5065000000000001
            ],
            [
                0.5500555555555555,
                0.499
            ]
        ],
        "2": [
            [
                0.5672222222222223,
                0.507
            ],
            [
                0.5456111111111112,
                0.506
            ],
            [
                0.5721666666666667,
                0.5125000000000001
            ],
            [
                0.5714444444444445,
                0.506
            ]
        ],
        "3": [
            [
                0.591,
                0.5145000000000001
            ],
            [
                0.5646111111111111,
                0.511
            ],
            [
                0.5958888888888888,
                0.5105000000000001
            ],
            [
                0.5917777777777777,
                0.5125
            ]
        ],
        "4": [
            [
                0.6407222222222222,
                0.5239999999999999
            ],
            [
                0.5691111111111111,
                0.506
            ],
            [
                0.6211666666666666,
                0.5025
            ],
            [
                0.5978888888888889,
                0.5195000000000001
            ]
        ],
        "5": [
            [
                0.6671666666666667,
                0.506
            ],
            [
                0.5573333333333335,
                0.5015000000000001
            ],
            [
                0.6318888888888889,
                0.5065
            ],
            [
                0.677888888888889,
                0.5275000000000001
            ]
        ],
        "6": [
            [
                0.6072222222222221,
                0.5055
            ],
            [
                0.5682777777777778,
                0.516
            ],
            [
                0.687888888888889,
                0.526
            ],
            [
                0.5864999999999999,
                0.502
            ]
        ],