{
    "mean": {
        "0": [
            [
                0.9395510398224243,
                0.8622845748468879
            ],
            [
                0.90343251504021,
                0.856430707876371
            ],
            [
                0.9354261906649401,
                0.860625267055975
            ],
            [
                0.9402202080525681,
                0.8598062953995157
            ]
        ],
        "1": [
            [
                0.9207836764174793,
                0.8556117362199117
            ],
            [
                0.9224956619013644,
                0.8555690072639223
            ],
            [
                0.9293412255899373,
                0.8580971371599487
            ],
            [
                0.9152607703758511,
                0.857256801025495
            ]
        ],
        "2": [
            [
                0.9510136617075814,
                0.8606039025779804
            ],
            [
                0.9047481260294725,
                0.8496154393960975
            ],
            [
                0.9308382880145161,
                0.8572211935621705
            ],
            [
                0.9263373235032459,
                0.8648411907135735
            ]
        ],
        "3": [
            [
                0.9459427106730439,
                0.8538527275316907
            ],
            [
                0.9080341586731144,
                0.8538669705170203
            ],
            [
                0.9324320658157828,
                0.8546574562028202
            ],
            [
                0.9347766649930854,
                0.8656601623700328
            ]
        ],
        "4": [
            [
                0.956448132195298,
                0.8530337558752314
            ],
            [
                0.916764791374891,
                0.8487822247543086
            ],
            [
                0.9382482889834314,
                0.8471015524854009
            ],
            [
                0.9224901126584397,
                0.861451360205099
            ]
        ],
        "5": [
            [
                0.936273022751896,
                0.8386625836775388
            ],
            [
                0.9170357353627707,
                0.8521791767554479
            ],
            [
                0.9291535202459285,
                0.8445378151260504
            ],
            [
                0.9392847642452589,
                0.8538598490243554
            ]
        ],
        "6": [
            [
                0.9472657206528728,
                0.8521506907847884
            ],
            [
                0.9292427485488289,
                0.8394317048853439
            ],
            [
                0.9392898730720786,
                0.8513245976356645
            ],
            [
                0.942103251151688,
                0.8606466315339695
            ]
        ],
        "7": [
            [
                0.9611475482035428,
                0.8529981484119071
            ],
            [
                0.9446269235173391,
                0.8522005412334426
            ],
            [
                0.923050410027394,
                0.8420381712006837
            ],
            [
                0.9497972324251954,
                0.8589374732944025
            ]
        ],
        "8": [
            [
                0.9494150393291582,
                0.8521720552627832
            ],
            [
                0.9252159360163482,
                0.8411835920809002
            ],
            [
                0.9466992574584469,
                0.8462968238142714
            ],
            [
                0.9309244334046808,
                0.8530693633385559
            ]
        ],
        "9": [
            [
                0.9293311841027402,
                0.8378293690357499
            ],
            [
                0.9531781306978833,
                0.8505056259792052
            ],
            [
                0.9575869601599593,
                0.8369747899159664
            ],
            [
                0.9414439482422994,
                0.842899871813132
            ]
        ],
        "10": [
            [
                0.9506317328612072,
                0.831911408631249
            ],
            [
                0.9603982242422642,
                0.8428785073351376
            ],
            [
                0.9454809784284193,
                0.8336063238854864
            ],
            [
                0.9504537166715112,
                0.8302449793476712
            ]
        ],
        "11": [
            [
                0.9658420315514098,
                0.8268124198832074
            ],
            [
                0.9692224894079924,
                0.8521720552627832
            ],
            [
                0.9564587902650425,
                0.8310924369747898
            ],
            [
                0.9484839996829004,
                0.8242842899871812
            ]
        ],
        "12": [
            [
                0.9617153326462841,
                0.8141504059250819
            ],
            [
                0.9553340556157458,
                0.8065161657883492
            ],
            [
                0.9637793867646153,
                0.7981199259364764
            ],
            [
                0.929339640091959,
                0.8031690642358639
            ]
        ]
    },
    "haddamard": {
        "0": [
            [
                0.8064982515480625,
                0.7989816265489247
            ],
            [
                0.8231041407922206,
                0.7719769263637658
            ],
            [
                0.7902669802429335,
                0.7778165503489531
            ],
            [
                0.8209455733777272,
                0.7888975929354793
            ]
        ],
        "1": [
            [
                0.7708489460842605,
                0.6367540236433558
            ],
            [
                0.8307049300178807,
                0.6208374875373879
            ],
            [
                0.8103342758237982,
                0.6343825665859564
            ],
            [
                0.8098661135040386,
                0.6216707021791767
            ]
        ],
        "2": [
            [
                0.8247790432400534,
                0.6123059393248825
            ],
            [
                0.8554786882646723,
                0.617412049565589
            ],
            [
                0.8400024663301888,
                0.6147913402649194
            ],
            [
                0.8107248368258331,
                0.6181455633100698
            ]
        ],
        "3": [
            [
                0.8566086198240097,
                0.5954351232018231
            ],
            [
                0.9095365060909548,
                0.6367967525993448
            ],
            [
                0.8579253758951457,
                0.5794402506765418
            ],
            [
                0.8428006060125606,
                0.6048212505341118
            ]
        ],
        "4": [
            [
                0.8386808656818964,
                0.6206594502207662
            ],
            [
                0.8442958186894979,
                0.6232303090727818
            ],
            [
                0.8293882620299659,
                0.6231875801167924
            ],
            [
                0.7729106219556237,
                0.614819826235579
            ]
        ],