{
    "mean": {
        "0": [
            [
                0.9993333333333332,
                0.999
            ],
            [
                0.9984999999999999,
                0.9964999999999999
            ],
            [
                0.9997222222222222,
                0.999
            ],
            [
                0.9987777777777778,
                0.9974999999999999
            ]
        ],
        "1": [
            [
                0.999611111111111,
                0.999
            ],
            [
                0.9972777777777777,
                0.9949999999999999
            ],
            [
                0.9992777777777778,
                0.9984999999999999
            ],
            [
                0.9967777777777778,
                0.9964999999999999
            ]
        ],
        "2": [
            [
                0.9991666666666668,
                0.999
            ],
            [
                0.9992222222222221,
                0.9974999999999999
            ],
            [
                0.9997222222222222,
                0.9995
            ],
            [
                0.9989444444444444,
                0.998
            ]
        ],
        "3": [
            [
                0.9994444444444446,
                0.999
            ],
            [
                0.9974999999999999,
                0.9964999999999999
            ],
            [
                1.0,
                1.0
            ],
            [
                0.9986666666666666,
                0.9984999999999999
            ]
        ],
        "4": [
            [
                0.9984444444444444,
                0.9984999999999999
            ],
            [
                0.9983333333333334,
                0.9975000000000002
            ],
            [
                1.0,
                0.9995
            ],
            [
                1.0,
                0.9995
            ]
        ],
        "5": [
            [
                0.9982777777777777,
                0.9969999999999999
            ],
            [
                0.9988888888888889,
                0.999
            ],
            [
                0.9992222222222222,
                0.9984999999999999
            ],
            [
                0.9998888888888888,
                0.9995
            ]
        ],
        "6": [
            [
                0.9986111111111111,
                0.9984999999999999
            ],
            [
                0.999,
                0.9964999999999998
            ],
            [
                0.9993333333333334,
                0.9995
            ],
            [
                0.9999444444444444,
                0.9995
            ]
        ],
        "7": [
            [
                0.9988888888888889,
                0.999
            ],
            [
                0.998,
                0.9969999999999999
            ],
            [
                1.0,
                0.9994999999999999
            ],
            [
                0.9992777777777778,
                0.9984999999999999
            ]
        ],
        "8": [
            [
                0.999388888888889,
                0.9984999999999999
            ],
            [
                0.9982222222222221,
                0.9974999999999999
            ],
            [
                1.0,
                0.9994999999999999
            ],
            [
                0.9997222222222224,
                0.999
            ]
        ],
        "9": [
            [
                0.9988333333333334,
                0.9974999999999999
            ],
            [
                0.999611111111111,
                0.999
            ],
            [
                0.9999444444444444,
                0.9994999999999999
            ],
            [
                0.9997222222222222,
                0.9985000000000002
            ]
        ],
        "10": [
            [
                0.9955555555555554,
                0.994
            ],
            [
                0.999611111111111,
                0.9964999999999999
            ],
            [
                1.0,
                1.0
            ],
            [
                0.9997222222222222,
                0.999
            ]
        ],
        "11": [
            [
                1.0,
                0.9979999999999999
            ],
            [
                0.999611111111111,
                0.998
            ],
            [
                1.0,
                1.0
            ],
            [
                0.9995555555555555,
                0.999
            ]
        ],
        "12": [
            [
                0.9978333333333333,
                0.9959999999999999
            ],
            [
                0.9997777777777778,
                0.998
            ],
            [
                1.0,
                0.999
            ],
            [
                0.9983888888888888,
                0.9974999999999999
            ]
        ]
    },
    "haddamard": {
        "0": [
            [
                0.9711666666666666,
                0.9195
            ],
            [
                0.9693333333333335,
                0.9215
            ],
            [
                0.9673333333333334,
                0.9330000000000002
            ],
            [
                0.9746111111111111,
                0.9335000000000001
            ]
        ],
        "1": [
            [
                0.9618888888888888,
                0.745
            ],
            [
                0.9617222222222223,
                0.732
            ],
            [
                0.9481666666666667,
                0.7175
            ],
            [
                0.9412777777777779,
                0.729
            ]
        ],
        "2": [
            [
                0.9647777777777777,
                0.7670000000000001
            ],
            [
                0.9659444444444445,
                0.7695000000000001
            ],
            [
                0.9412777777777777,
                0.747
            ],
            [
                0.9657222222222221,
                0.7825000000000001
            ]
        ],
        "3": [
            [
                0.9642222222222221,
                0.7710000000000001
            ],
            [
                0.9687222222222223,
                0.7855000000000001
            ],
            [
                0.9686111111111112,
                0.7745
            ],
            [
                0.9507777777777777,
                0.7705
            ]
        ],
        "4": [
            [
                0.9736666666666667,
                0.8245000000000001
            ],
            [
                0.976,
                0.825
            ],
            [
                0.9796666666666669,
                0.835
            ],
            [
                0.9767777777777779,
                0.8205
            ]
        ],
        "5": [
            [
                0.9732222222222221,
                0.8270000000000002
            ],
            [
                0.9767777777777777,
                0.8244999999999999
            ],
            [
                0.9811111111111112,
                0.8150000000000001
            ],
            [
                0.977111111111111,
                0.8160000000000001
            ]
        ],
        "6": [
            [
                0.9803888888888889,
                0.8404999999999999
            ],
            [
                0.9749444444444444,
                0.8285
            ],
            [
                0.9782777777777778,
                0.833
            ],
            [
                0.9744999999999999,
                0.833
            ]
        ],