{
    "mean": {
        "0": [
            [
                0.9647777777777777,
                0.8140000000000001
            ],
            [
                0.8400555555555556,
                0.7205
            ],
            [
                0.9638333333333333,
                0.8065
            ],
            [
                0.9594444444444445,
                0.8105
            ]
        ],
        "1": [
            [
                0.6664444444444444,
                0.6235
            ],
            [
                0.5312777777777777,
                0.5155
            ],
            [
                0.5337777777777777,
                0.5135
            ],
            [
                0.5286666666666666,
                0.5145000000000001
            ]
        ],
        "2": [
            [
                0.8824444444444446,
                0.78
            ],
            [
                0.5785000000000001,
                0.5469999999999999
            ],
            [
                0.5273888888888889,
                0.5135
            ],
            [
                0.6143888888888889,
                0.5915
            ]
        ],
        "3": [
            [
                0.975388888888889,
                0.8915000000000001
            ],
            [
                0.7582222222222221,
                0.7030000000000001
            ],
            [
                0.9278333333333334,
                0.8460000000000001
            ],
            [
                0.9705555555555554,
                0.884
            ]
        ],
        "4": [
            [
                0.9825000000000002,
                0.9164999999999999
            ],
            [
                0.9836666666666666,
                0.9099999999999999
            ],
            [
                0.9838333333333331,
                0.916
            ],
            [
                0.9798333333333336,
                0.9135
            ]
        ],
        "5": [
            [
                0.9864444444444445,
                0.9265000000000001
            ],
            [
                0.9903333333333334,
                0.931
            ],
            [
                0.9863888888888889,
                0.923
            ],
            [
                0.9847222222222222,
                0.9285
            ]
        ],
        "6": [
            [
                0.9896111111111111,
                0.9345000000000001
            ],
            [
                0.9912222222222222,
                0.9279999999999999
            ],
            [
                0.99,
                0.9324999999999999
            ],
            [
                0.9860555555555555,
                0.9279999999999999
            ]
        ],
        "7": [
            [
                0.9889444444444445,
                0.9259999999999999
            ],
            [
                0.991,
                0.9255000000000001
            ],
            [
                0.9881666666666666,
                0.9195
            ],
            [
                0.9869999999999999,
                0.9275
            ]
        ],
        "8": [
            [
                0.9861111111111109,
                0.9145000000000001
            ],
            [
                0.9860555555555555,
                0.915
            ],
            [
                0.9887222222222223,
                0.9135
            ],
            [
                0.9853333333333334,
                0.9095000000000001
            ]
        ],
        "9": [
            [
                0.9828333333333331,
                0.8975000000000002
            ],
            [
                0.9829999999999999,
                0.897
            ],
            [
                0.9872222222222222,
                0.8925000000000001
            ],
            [
                0.9826111111111111,
                0.899
            ]
        ],
        "10": [
            [
                0.9804444444444445,
                0.8735000000000002
            ],
            [
                0.9790555555555557,
                0.881
            ],
            [
                0.9859444444444444,
                0.8800000000000001
            ],
            [
                0.9782777777777778,
                0.881
            ]
        ],
        "11": [
            [
                0.9746666666666666,
                0.8585
            ],
            [
                0.9755555555555556,
                0.8629999999999999
            ],
            [
                0.9811111111111112,
                0.8559999999999999
            ],
            [
                0.9736666666666667,
                0.8630000000000001
            ]
        ],
        "12": [
            [
                0.8863888888888889,
                0.7675000000000001
            ],
            [
                0.5549999999999999,
                0.5445
            ],
            [
                0.9760555555555556,
                0.833
            ],
            [
                0.6855,
                0.635
            ]
        ]
    },
    "haddamard": {
        "0": [
            [
                0.5324444444444445,
                0.5065000000000001
            ],
            [
                0.5311111111111111,
                0.5029999999999999
            ],
            [
                0.5295555555555556,
                0.507
            ],
            [
                0.5168333333333334,
                0.4925
            ]
        ],
        "1": [
            [
                0.5501666666666668,
                0.488
            ],
            [
                0.5334444444444445,
                0.492
            ],
            [
                0.5687222222222222,
                0.49700000000000005
            ],
            [
                0.5652222222222223,
                0.49450000000000005
            ]
        ],
        "2": [
            [
                0.5735555555555556,
                0.5050000000000001
            ],
            [
                0.5278333333333334,
                0.4915
            ],
            [
                0.5707777777777778,
                0.5005
            ],
            [
                0.5652222222222221,
                0.49499999999999994
            ]
        ],
        "3": [
            [
                0.5702222222222222,
                0.49049999999999994
            ],
            [
                0.5457222222222222,
                0.5085
            ],
            [
                0.5586666666666666,
                0.4965
            ],
            [
                0.5785555555555556,
                0.5090000000000001
            ]
        ],
        "4": [
            [
                0.5622222222222221,
                0.49000000000000005
            ],
            [
                0.5336111111111111,
                0.49800000000000005
            ],
            [
                0.5741666666666667,
                0.4955
            ],
            [
                0.5740555555555554,
                0.5065000000000001
            ]
        ],
        "5": [
            [
                0.5627222222222222,
                0.4955
            ],
            [
                0.5356666666666667,
                0.48600000000000004
            ],
            [
                0.5717777777777777,
                0.504
            ],
            [
                0.5518333333333333,
                0.48450000000000004
            ]
        ],
        "6": [
            [
                0.5905555555555556,
                0.5219999999999999
            ],
            [
                0.5286111111111111,
                0.4955
            ],
            [
                0.5662222222222223,
                0.512
            ],
            [
                0.5475555555555556,
                0.502
            ]
        ],