{
    "mean": {
        "0": [
            [
                0.9967222222222223,
                0.9924999999999999
            ],
            [
                0.9984444444444444,
                0.9955
            ],
            [
                0.9998333333333334,
                0.9984999999999999
            ],
            [
                0.9996666666666666,
                0.999
            ]
        ],
        "1": [
            [
                0.999388888888889,
                0.9984999999999999
            ],
            [
                0.9986666666666666,
                0.9979999999999999
            ],
            [
                0.9998888888888888,
                1.0
            ],
            [
                0.999611111111111,
                0.999
            ]
        ],
        "2": [
            [
                1.0,
                1.0
            ],
            [
                1.0,
                1.0
            ],
            [
                1.0,
                1.0
            ],
            [
                1.0,
                1.0
            ]
        ],
        "3": [
            [
                1.0,
                1.0
            ],
            [
                0.999611111111111,
                0.999
            ],
            [
                1.0,
                1.0
            ],
            [
                1.0,
                1.0
            ]
        ],
        "4": [
            [
                1.0,
                1.0
            ],
            [
                0.9995,
                0.9984999999999999
            ],
            [
                1.0,
                1.0
            ],
            [
                1.0,
                1.0
            ]
        ],
        "5": [
            [
                1.0,
                1.0
            ],
            [
                0.999388888888889,
                0.9984999999999999
            ],
            [
                0.9999444444444444,
                0.9995
            ],
            [
                1.0,
                1.0
            ]
        ],
        "6": [
            [
                1.0,
                1.0
            ],
            [
                0.9997777777777778,
                0.9995
            ],
            [
                1.0,
                1.0
            ],
            [
                1.0,
                1.0
            ]
        ],
        "7": [
            [
                1.0,
                1.0
            ],
            [
                0.9995,
                0.9995
            ],
            [
                0.9995555555555555,
                0.9995
            ],
            [
                1.0,
                1.0
            ]
        ],
        "8": [
            [
                1.0,
                1.0
            ],
            [
                0.999388888888889,
                0.999
            ],
            [
                0.9994999999999999,
                0.9995
            ],
            [
                1.0,
                0.9995
            ]
        ],
        "9": [
            [
                1.0,
                0.9995
            ],
            [
                0.9991666666666668,
                0.999
            ],
            [
                0.9999444444444444,
                0.999
            ],
            [
                0.9998333333333334,
                0.9995
            ]
        ],
        "10": [
            [
                1.0,
                1.0
            ],
            [
                0.9994444444444446,
                0.9995
            ],
            [
                0.9995555555555555,
                0.9995
            ],
            [
                1.0,
                1.0
            ]
        ],
        "11": [
            [
                0.9998333333333334,
                0.9995
            ],
            [
                0.999388888888889,
                0.9984999999999999
            ],
            [
                0.9997777777777778,
                0.999
            ],
            [
                1.0,
                0.9995
            ]
        ],
        "12": [
            [
                1.0,
                1.0
            ],
            [
                0.9994444444444446,
                0.9974999999999999
            ],
            [
                0.9999444444444444,
                0.9995
            ],
            [
                0.9991666666666668,
                0.999
            ]
        ]
    },
    "haddamard": {
        "0": [
            [
                0.8802222222222221,
                0.857
            ],
            [
                0.9193888888888889,
                0.8800000000000001
            ],
            [
                0.9001111111111111,
                0.8654999999999999
            ],
            [
                0.8915,
                0.851
            ]
        ],
        "1": [
            [
                0.9644999999999999,
                0.7424999999999999
            ],
            [
                0.9773888888888888,
                0.7625
            ],
            [
                0.9720555555555557,
                0.76
            ],
            [
                0.9703888888888891,
                0.746
            ]
        ],
        "2": [
            [
                0.9821666666666665,
                0.8030000000000002
            ],
            [
                0.9775555555555556,
                0.7969999999999999
            ],
            [
                0.9750555555555553,
                0.7949999999999999
            ],
            [
                0.9774444444444444,
                0.7925000000000001
            ]
        ],
        "3": [
            [
                0.9765555555555554,
                0.7674999999999998
            ],
            [
                0.9766666666666668,
                0.7604999999999998
            ],
            [
                0.9685,
                0.742
            ],
            [
                0.9751666666666667,
                0.7615000000000001
            ]
        ],
        "4": [
            [
                0.9787222222222223,
                0.7735
            ],
            [
                0.9773888888888888,
                0.7619999999999999
            ],
            [
                0.976611111111111,
                0.764
            ],
            [
                0.9744444444444443,
                0.7580000000000001
            ]
        ],
        "5": [
            [
                0.9749444444444444,
                0.7795
            ],
            [
                0.9686666666666668,
                0.7675000000000001
            ],
            [
                0.976,
                0.7845
            ],
            [
                0.9787222222222223,
                0.786
            ]
        ],
        "6": [
            [
                0.9662777777777778,
                0.791
            ],
            [
                0.9718888888888889,
                0.7925000000000001
            ],
            [
                0.9750555555555556,
                0.7949999999999999
            ],
            [
                0.9726666666666667,
                0.7875
            ]
        ],
        "7": [
            [
                0.9697777777777776,
                0.8094999999999999
            ],
            [
                0.9632777777777777,
                0.8004999999999999
            ],
            [
                0.9581111111111111,
                0.8015000000000001
            ],
            [
                0.9492777777777779,
                0.7929999999999999
            ]
        ],