{
    "mean": {
        "0": [
            [
                0.9936666666666667,
                0.9574999999999999
            ],
            [
                0.9937777777777776,
                0.9540000000000001
            ],
            [
                0.9946666666666666,
                0.9595
            ],
            [
                0.9922222222222224,
                0.9584999999999999
            ]
        ],
        "1": [
            [
                0.9920555555555557,
                0.9490000000000001
            ],
            [
                0.9942222222222223,
                0.9479999999999998
            ],
            [
                0.9925555555555556,
                0.944
            ],
            [
                0.9928888888888888,
                0.945
            ]
        ],
        "2": [
            [
                0.9937777777777779,
                0.9584999999999999
            ],
            [
                0.9953888888888889,
                0.958
            ],
            [
                0.9942222222222222,
                0.9530000000000001
            ],
            [
                0.9941666666666666,
                0.9545000000000001
            ]
        ],
        "3": [
            [
                0.9948888888888888,
                0.9649999999999999
            ],
            [
                0.9950555555555555,
                0.9620000000000001
            ],
            [
                0.9966666666666665,
                0.9630000000000001
            ],
            [
                0.9951111111111111,
                0.966
            ]
        ],
        "4": [
            [
                0.9929444444444446,
                0.9724999999999999
            ],
            [
                0.996222222222222,
                0.9724999999999999
            ],
            [
                0.9971666666666665,
                0.97
            ],
            [
                0.9960555555555555,
                0.974
            ]
        ],
        "5": [
            [
                0.992888888888889,
                0.9715
            ],
            [
                0.9967777777777778,
                0.9654999999999999
            ],
            [
                0.9957222222222223,
                0.9640000000000001
            ],
            [
                0.9927777777777778,
                0.9585000000000001
            ]
        ],
        "6": [
            [
                0.9929444444444444,
                0.969
            ],
            [
                0.9964999999999998,
                0.968
            ],
            [
                0.9957222222222221,
                0.9605
            ],
            [
                0.9959444444444443,
                0.967
            ]
        ],
        "7": [
            [
                0.9934444444444445,
                0.969
            ],
            [
                0.9958888888888888,
                0.9625
            ],
            [
                0.9956666666666665,
                0.9540000000000001
            ],
            [
                0.9960000000000001,
                0.9640000000000001
            ]
        ],
        "8": [
            [
                0.9947222222222221,
                0.9640000000000001
            ],
            [
                0.9941111111111111,
                0.9635
            ],
            [
                0.9959444444444443,
                0.96
            ],
            [
                0.9966666666666667,
                0.966
            ]
        ],
        "9": [
            [
                0.9957777777777777,
                0.9644999999999999
            ],
            [
                0.9931111111111111,
                0.9584999999999999
            ],
            [
                0.9961111111111111,
                0.9625
            ],
            [
                0.9961666666666666,
                0.961
            ]
        ],
        "10": [
            [
                0.994611111111111,
                0.96
            ],
            [
                0.9959999999999999,
                0.9614999999999998
            ],
            [
                0.9957222222222221,
                0.9559999999999998
            ],
            [
                0.9951666666666666,
                0.9549999999999998
            ]
        ],
        "11": [
            [
                0.9935555555555554,
                0.9489999999999998
            ],
            [
                0.9951666666666666,
                0.9494999999999999
            ],
            [
                0.9948333333333335,
                0.944
            ],
            [
                0.9927777777777778,
                0.95
            ]
        ],
        "12": [
            [
                0.991388888888889,
                0.9444999999999999
            ],
            [
                0.9935,
                0.938
            ],
            [
                0.9947222222222223,
                0.9404999999999999
            ],
            [
                0.9933888888888889,
                0.9444999999999999
            ]
        ]
    },
    "haddamard": {
        "0": [
            [
                0.5432222222222223,
                0.512
            ],
            [
                0.5369444444444443,
                0.49399999999999994
            ],
            [
                0.5478888888888889,
                0.491
            ],
            [
                0.5662222222222223,
                0.5115000000000001
            ]
        ],
        "1": [
            [
                0.6251666666666666,
                0.4875
            ],
            [
                0.563,
                0.5009999999999999
            ],
            [
                0.6267222222222222,
                0.5045
            ],
            [
                0.6155555555555556,
                0.5045
            ]
        ],
        "2": [
            [
                0.6115,
                0.5045
            ],
            [
                0.5809444444444445,
                0.5040000000000001
            ],
            [
                0.6291666666666667,
                0.515
            ],
            [
                0.6549444444444446,
                0.49749999999999994
            ]
        ],
        "3": [
            [
                0.6315555555555556,
                0.5135
            ],
            [
                0.5763333333333333,
                0.5065
            ],
            [
                0.6287777777777778,
                0.517
            ],
            [
                0.6248888888888888,
                0.5015
            ]
        ],
        "4": [
            [
                0.6234444444444445,
                0.528
            ],
            [
                0.5636111111111111,
                0.5035
            ],
            [
                0.6482777777777778,
                0.5335000000000001
            ],
            [
                0.6137222222222223,
                0.4995
            ]
        ],
        "5": [
            [
                0.6126666666666667,
                0.5135000000000001
            ],
            [
                0.5565555555555555,
                0.48949999999999994
            ],
            [
                0.6145,
                0.502
            ],
            [
                0.6066666666666667,
                0.5090000000000001
            ]
        ],
        "6": [
            [
                0.6199444444444445,
                0.512
            ],
            [
                0.578111111111111,
                0.5135
            ],
            [
                0.6717777777777777,
                0.5205
            ],
            [
                0.6097777777777778,
                0.5115000000000001
            ]
        ],