{
    "mean": {
        "0": [
            [
                0.9916111111111112,
                0.9280000000000002
            ],
            [
                0.9894999999999999,
                0.9279999999999999
            ],
            [
                0.9933333333333335,
                0.9359999999999999
            ],
            [
                0.991388888888889,
                0.9335000000000001
            ]
        ],
        "1": [
            [
                0.9928333333333332,
                0.9425000000000001
            ],
            [
                0.9886666666666667,
                0.9380000000000001
            ],
            [
                0.9954999999999998,
                0.9460000000000001
            ],
            [
                0.9922222222222222,
                0.9404999999999999
            ]
        ],
        "2": [
            [
                0.9952777777777776,
                0.945
            ],
            [
                0.9926111111111112,
                0.9445
            ],
            [
                0.9954444444444442,
                0.9445
            ],
            [
                0.9918888888888887,
                0.9465
            ]
        ],
        "3": [
            [
                0.9959999999999999,
                0.9615
            ],
            [
                0.9927777777777779,
                0.959
            ],
            [
                0.9976111111111111,
                0.9640000000000001
            ],
            [
                0.9968888888888887,
                0.9615
            ]
        ],
        "4": [
            [
                0.9979444444444445,
                0.982
            ],
            [
                0.9969444444444443,
                0.9765
            ],
            [
                0.9984444444444444,
                0.9764999999999999
            ],
            [
                0.9977777777777778,
                0.977
            ]
        ],
        "5": [
            [
                0.9951666666666666,
                0.9785
            ],
            [
                0.9979444444444445,
                0.9819999999999999
            ],
            [
                0.9967222222222223,
                0.9789999999999999
            ],
            [
                0.9984444444444444,
                0.985
            ]
        ],
        "6": [
            [
                0.9983333333333333,
                0.9810000000000001
            ],
            [
                0.998,
                0.9855
            ],
            [
                0.9990555555555556,
                0.9865
            ],
            [
                0.999,
                0.9875
            ]
        ],
        "7": [
            [
                0.9978888888888889,
                0.985
            ],
            [
                0.9942777777777778,
                0.9819999999999999
            ],
            [
                0.9981666666666665,
                0.9894999999999999
            ],
            [
                0.9991111111111112,
                0.9904999999999999
            ]
        ],
        "8": [
            [
                0.9991111111111112,
                0.9889999999999999
            ],
            [
                0.9966666666666667,
                0.9884999999999998
            ],
            [
                0.9994444444444446,
                0.9884999999999999
            ],
            [
                0.9990555555555556,
                0.9899999999999999
            ]
        ],
        "9": [
            [
                0.9946111111111111,
                0.9804999999999999
            ],
            [
                0.9985000000000002,
                0.9899999999999999
            ],
            [
                0.9987222222222222,
                0.9855
            ],
            [
                0.9984999999999999,
                0.9894999999999999
            ]
        ],
        "10": [
            [
                0.9988888888888889,
                0.9870000000000001
            ],
            [
                0.9993333333333334,
                0.9909999999999999
            ],
            [
                0.9965555555555555,
                0.986
            ],
            [
                0.9967777777777778,
                0.9890000000000001
            ]
        ],
        "11": [
            [
                0.9966111111111111,
                0.984
            ],
            [
                0.9976111111111111,
                0.986
            ],
            [
                0.9979444444444445,
                0.983
            ],
            [
                0.9981111111111112,
                0.9869999999999999
            ]
        ],
        "12": [
            [
                0.9964444444444445,
                0.9869999999999999
            ],
            [
                0.9991666666666668,
                0.9865
            ],
            [
                0.9986666666666666,
                0.9854999999999998
            ],
            [
                0.9988333333333334,
                0.9869999999999999
            ]
        ]
    },
    "haddamard": {
        "0": [
            [
                0.5977222222222223,
                0.5385000000000001
            ],
            [
                0.6158333333333335,
                0.5475
            ],
            [
                0.6065,
                0.5465
            ],
            [
                0.6116111111111111,
                0.552
            ]
        ],
        "1": [
            [
                0.6831666666666666,
                0.49749999999999994
            ],
            [
                0.7003888888888888,
                0.5115000000000001
            ],
            [
                0.7644444444444444,
                0.4875
            ],
            [
                0.8776111111111111,
                0.49949999999999994
            ]
        ],
        "2": [
            [
                0.8304444444444445,
                0.524
            ],
            [
                0.7803333333333333,
                0.535
            ],
            [
                0.7091111111111111,
                0.529
            ],
            [
                0.8735555555555556,
                0.5260000000000001
            ]
        ],
        "3": [
            [
                0.7685555555555555,
                0.518
            ],
            [
                0.8389444444444445,
                0.521
            ],
            [
                0.8761666666666666,
                0.5255
            ],
            [
                0.8244444444444445,
                0.5229999999999999
            ]
        ],
        "4": [
            [
                0.9381111111111112,
                0.5519999999999998
            ],
            [
                0.8292777777777778,
                0.5185000000000001
            ],
            [
                0.7434444444444444,
                0.5419999999999999
            ],
            [
                0.7974444444444444,
                0.5315
            ]
        ],
        "5": [
            [
                0.9049999999999999,
                0.5399999999999999
            ],
            [
                0.8212777777777778,
                0.56
            ],
            [
                0.8588333333333333,
                0.5465000000000001
            ],
            [
                0.9354444444444445,
                0.5605
            ]
        ],