{
    "mean": {
        "0": [
            [
                1.0,
                1.0
            ],
            [
                0.9996111111111112,
                0.9984999999999999
            ],
            [
                1.0,
                1.0
            ],
            [
                1.0,
                1.0
            ]
        ],
        "1": [
            [
                0.9995555555555555,
                0.999
            ],
            [
                0.9994999999999999,
                0.998
            ],
            [
                1.0,
                1.0
            ],
            [
                1.0,
                1.0
            ]
        ],
        "2": [
            [
                0.999388888888889,
                0.999
            ],
            [
                0.9995555555555555,
                0.9984999999999999
            ],
            [
                1.0,
                1.0
            ],
            [
                1.0,
                0.9995
            ]
        ],
        "3": [
            [
                1.0,
                1.0
            ],
            [
                1.0,
                1.0
            ],
            [
                1.0,
                1.0
            ],
            [
                1.0,
                1.0
            ]
        ],
        "4": [
            [
                1.0,
                1.0
            ],
            [
                1.0,
                1.0
            ],
            [
                1.0,
                1.0
            ],
            [
                1.0,
                1.0
            ]
        ],
        "5": [
            [
                1.0,
                1.0
            ],
            [
                0.9995555555555555,
                0.9984999999999999
            ],
            [
                1.0,
                0.9994999999999999
            ],
            [
                1.0,
                1.0
            ]
        ],
        "6": [
            [
                1.0,
                1.0
            ],
            [
                0.9990555555555556,
                0.999
            ],
            [
                1.0,
                0.9995
            ],
            [
                0.9997777777777778,
                0.9995
            ]
        ],
        "7": [
            [
                1.0,
                1.0
            ],
            [
                0.9984999999999999,
                0.9979999999999999
            ],
            [
                1.0,
                1.0
            ],
            [
                0.9998888888888888,
                0.9995
            ]
        ],
        "8": [
            [
                1.0,
                1.0
            ],
            [
                0.9988333333333334,
                0.998
            ],
            [
                1.0,
                1.0
            ],
            [
                1.0,
                1.0
            ]
        ],
        "9": [
            [
                0.999611111111111,
                0.998
            ],
            [
                0.9986111111111111,
                0.9965000000000002
            ],
            [
                0.9998888888888888,
                0.9994999999999999
            ],
            [
                0.9998888888888888,
                0.999
            ]
        ],
        "10": [
            [
                0.9994999999999999,
                0.999
            ],
            [
                0.9978888888888887,
                0.9955
            ],
            [
                0.9997777777777778,
                0.999
            ],
            [
                0.9992222222222222,
                0.998
            ]
        ],
        "11": [
            [
                0.999388888888889,
                0.9984999999999999
            ],
            [
                0.9985555555555555,
                0.9949999999999999
            ],
            [
                0.9995555555555555,
                0.998
            ],
            [
                0.9997222222222222,
                0.998
            ]
        ],
        "12": [
            [
                0.9995555555555555,
                0.9964999999999999
            ],
            [
                0.9988333333333334,
                0.9944999999999998
            ],
            [
                0.9996666666666666,
                0.9970000000000001
            ],
            [
                0.9995,
                0.998
            ]
        ]
    },
    "haddamard": {
        "0": [
            [
                0.8873333333333333,
                0.844
            ],
            [
                0.8755555555555554,
                0.8334999999999999
            ],
            [
                0.8691666666666666,
                0.8299999999999998
            ],
            [
                0.8824444444444446,
                0.8454999999999998
            ]
        ],
        "1": [
            [
                0.9083888888888888,
                0.6255
            ],
            [
                0.9181666666666667,
                0.6210000000000001
            ],
            [
                0.8185,
                0.583
            ],
            [
                0.7200555555555554,
                0.5555000000000001
            ]
        ],
        "2": [
            [
                0.8223333333333332,
                0.58
            ],
            [
                0.8631111111111112,
                0.5889999999999999
            ],
            [
                0.9460555555555556,
                0.6375
            ],
            [
                0.8841666666666667,
                0.6144999999999999
            ]
        ],
        "3": [
            [
                0.8318333333333333,
                0.612
            ],
            [
                0.9484999999999999,
                0.6365000000000001
            ],
            [
                0.9466666666666667,
                0.6375
            ],
            [
                0.872388888888889,
                0.625
            ]
        ],
        "4": [
            [
                0.9355555555555556,
                0.6285000000000001
            ],
            [
                0.8271111111111111,
                0.6035
            ],
            [
                0.9504444444444445,
                0.6559999999999999
            ],
            [
                0.6871111111111111,
                0.5409999999999999
            ]
        ],
        "5": [
            [
                0.9308888888888889,
                0.6115
            ],
            [
                0.8607222222222222,
                0.587
            ],
            [
                0.8367222222222223,
                0.5885
            ],
            [
                0.9192222222222222,
                0.617
            ]
        ],
        "6": [
            [
                0.8945000000000001,
                0.5960000000000001
            ],
            [
                0.8191111111111111,
                0.591
            ],
            [
                0.8614444444444442,
                0.599
            ],
            [
                0.8731111111111112,
                0.6010000000000001
            ]
        ],
        "7": [
            [
                0.9323333333333335,
                0.6195
            ],
            [
                0.6727222222222222,
                0.5335000000000001
            ],
            [
                0.8154999999999999,
                0.5845
            ],
            [
                0.8956666666666665,
                0.5874999999999999
            ]
        ],