{
    "mean": {
        "0": [
            [
                1.0,
                1.0
            ],
            [
                1.0,
                1.0
            ],
            [
                1.0,
                1.0
            ],
            [
                1.0,
                1.0
            ]
        ],
        "1": [
            [
                1.0,
                1.0
            ],
            [
                0.9995,
                0.9994999999999999
            ],
            [
                1.0,
                1.0
            ],
            [
                1.0,
                1.0
            ]
        ],
        "2": [
            [
                1.0,
                1.0
            ],
            [
                0.9998888888888888,
                0.9994999999999999
            ],
            [
                1.0,
                1.0
            ],
            [
                1.0,
                1.0
            ]
        ],
        "3": [
            [
                1.0,
                1.0
            ],
            [
                1.0,
                1.0
            ],
            [
                1.0,
                1.0
            ],
            [
                1.0,
                1.0
            ]
        ],
        "4": [
            [
                1.0,
                1.0
            ],
            [
                1.0,
                1.0
            ],
            [
                1.0,
                1.0
            ],
            [
                1.0,
                1.0
            ]
        ],
        "5": [
            [
                1.0,
                1.0
            ],
            [
                1.0,
                1.0
            ],
            [
                1.0,
                1.0
            ],
            [
                1.0,
                1.0
            ]
        ],
        "6": [
            [
                1.0,
                1.0
            ],
            [
                1.0,
                1.0
            ],
            [
                1.0,
                1.0
            ],
            [
                1.0,
                1.0
            ]
        ],
        "7": [
            [
                1.0,
                1.0
            ],
            [
                1.0,
                1.0
            ],
            [
                1.0,
                1.0
            ],
            [
                1.0,
                1.0
            ]
        ],
        "8": [
            [
                1.0,
                1.0
            ],
            [
                1.0,
                1.0
            ],
            [
                1.0,
                1.0
            ],
            [
                1.0,
                1.0
            ]
        ],
        "9": [
            [
                1.0,
                1.0
            ],
            [
                0.9998333333333334,
                0.9994999999999999
            ],
            [
                1.0,
                1.0
            ],
            [
                1.0,
                0.9994999999999999
            ]
        ],
        "10": [
            [
                0.9989444444444444,
                0.9984999999999999
            ],
            [
                1.0,
                1.0
            ],
            [
                1.0,
                0.9995
            ],
            [
                0.9999444444444444,
                0.999
            ]
        ],
        "11": [
            [
                0.9985555555555555,
                0.9984999999999999
            ],
            [
                0.9998888888888888,
                0.9995
            ],
            [
                0.9995555555555555,
                0.9995
            ],
            [
                0.9999444444444444,
                0.9995
            ]
        ],
        "12": [
            [
                0.9984444444444444,
                0.9974999999999999
            ],
            [
                0.9998888888888888,
                0.9995
            ],
            [
                0.9993333333333334,
                0.9979999999999999
            ],
            [
                1.0,
                0.9995
            ]
        ]
    },
    "haddamard": {
        "0": [
            [
                0.9399444444444445,
                0.9125
            ],
            [
                0.9375555555555554,
                0.9115
            ],
            [
                0.9304444444444444,
                0.9045000000000002
            ],
            [
                0.9440555555555555,
                0.923
            ]
        ],
        "1": [
            [
                0.9782222222222222,
                0.805
            ],
            [
                0.9847222222222223,
                0.8094999999999999
            ],
            [
                0.9812777777777779,
                0.8005000000000001
            ],
            [
                0.9801666666666666,
                0.796
            ]
        ],
        "2": [
            [
                0.9837222222222222,
                0.827
            ],
            [
                0.9840555555555556,
                0.8365
            ],
            [
                0.9857777777777779,
                0.8319999999999999
            ],
            [
                0.9822777777777777,
                0.8219999999999998
            ]
        ],
        "3": [
            [
                0.982777777777778,
                0.8015000000000001
            ],
            [
                0.977,
                0.792
            ],
            [
                0.9832222222222221,
                0.797
            ],
            [
                0.9780000000000001,
                0.7995
            ]
        ],
        "4": [
            [
                0.9755555555555556,
                0.773
            ],
            [
                0.9764444444444444,
                0.7645000000000001
            ],
            [
                0.9771666666666665,
                0.7765000000000001
            ],
            [
                0.9802777777777777,
                0.778
            ]
        ],
        "5": [
            [
                0.9784444444444447,
                0.787
            ],
            [
                0.9762222222222222,
                0.7825
            ],
            [
                0.976388888888889,
                0.7860000000000001
            ],
            [
                0.9726111111111111,
                0.7735000000000001
            ]
        ],
        "6": [
            [
                0.9728333333333333,
                0.7515000000000001
            ],
            [
                0.9736111111111111,
                0.775
            ],
            [
                0.976,
                0.7665
            ],
            [
                0.9728333333333332,
                0.7569999999999999
            ]
        ],
        "7": [
            [
                0.977,
                0.7585
            ],
            [
                0.9653333333333333,
                0.7539999999999999
            ],
            [
                0.974388888888889,
                0.7605
            ],
            [
                0.970611111111111,
                0.752
            ]
        ],
        "8": [
            [
                0.9700555555555557,
                0.7630000000000001
            ],
            [
                0.9504999999999999,
                0.741
            ],
            [
                0.9574999999999999,
                0.74
            ],
            [
                0.9672777777777778,
                0.7495
            ]
        ],