{
    "pooler": {
        "0": [
            [
                0.9918888888888888,
                0.967
            ],
            [
                0.9954444444444445,
                0.9650000000000001
            ],
            [
                0.9953888888888889,
                0.9719999999999999
            ],
            [
                0.9967777777777778,
                0.968
            ]
        ]
    },
    "cls": {
        "0": [
            [
                0.5,
                0.5
            ],
            [
                0.5,
                0.5
            ],
            [
                0.5,
                0.5
            ],
            [
                0.5,
                0.5
            ]
        ],
        "1": [
            [
                0.9983888888888888,
                0.9984999999999999
            ],
            [
                0.9984999999999999,
                0.9974999999999999
            ],
            [
                0.9988333333333334,
                0.9974999999999999
            ],
            [
                0.9988333333333334,
                0.9979999999999999
            ]
        ],
        "2": [
            [
                0.9994444444444444,
                0.9984999999999999
            ],
            [
                0.9988888888888889,
                0.9970000000000001
            ],
            [
                0.9997222222222222,
                0.9979999999999999
            ],
            [
                0.9993333333333332,
                0.999
            ]
        ],
        "3": [
            [
                0.999,
                0.999
            ],
            [
                0.9976111111111111,
                0.9979999999999999
            ],
            [
                0.9991666666666668,
                0.9979999999999999
            ],
            [
                0.9996666666666666,
                0.999
            ]
        ],
        "4": [
            [
                0.9992222222222222,
                0.9974999999999999
            ],
            [
                0.9992222222222222,
                0.9969999999999999
            ],
            [
                0.9997222222222222,
                0.9975000000000002
            ],
            [
                0.9980555555555555,
                0.9959999999999999
            ]
        ],
        "5": [
            [
                0.9994444444444446,
                0.9914999999999999
            ],
            [
                0.9982777777777777,
                0.9875
            ],
            [
                0.9991666666666668,
                0.9914999999999999
            ],
            [
                0.9990555555555556,
                0.992
            ]
        ],
        "6": [
            [
                0.9994444444444446,
                0.9934999999999998
            ],
            [
                0.9989444444444443,
                0.9935
            ],
            [
                0.9974444444444444,
                0.9875
            ],
            [
                0.9996666666666666,
                0.9970000000000001
            ]
        ],
        "7": [
            [
                0.9993888888888888,
                0.9949999999999999
            ],
            [
                0.9948333333333335,
                0.99
            ],
            [
                0.9995,
                0.9964999999999999
            ],
            [
                0.9993333333333332,
                0.9954999999999998
            ]
        ],
        "8": [
            [
                0.9992777777777778,
                0.9905000000000002
            ],
            [
                0.9992777777777778,
                0.9959999999999999
            ],
            [
                0.9995,
                0.9955
            ],
            [
                0.9983888888888888,
                0.9934999999999998
            ]
        ],
        "9": [
            [
                0.9998888888888888,
                0.9934999999999998
            ],
            [
                0.9980555555555556,
                0.9889999999999999
            ],
            [
                0.9996666666666666,
                0.992
            ],
            [
                0.9987777777777778,
                0.986
            ]
        ],
        "10": [
            [
                0.9999444444444444,
                0.9924999999999999
            ],
            [
                0.9988333333333334,
                0.9899999999999999
            ],
            [
                0.9992222222222222,
                0.9879999999999999
            ],
            [
                0.9991111111111112,
                0.9854999999999998
            ]
        ],
        "11": [
            [
                0.9988888888888889,
                0.9890000000000001
            ],
            [
                0.9978888888888889,
                0.9879999999999999
            ],
            [
                0.999,
                0.9884999999999999
            ],
            [
                0.9982222222222223,
                0.9835
            ]
        ],
        "12": [
            [
                0.9956666666666667,
                0.9799999999999999
            ],
            [
                0.997388888888889,
                0.986
            ],
            [
                0.9979444444444445,
                0.985
            ],
            [
                0.9991666666666668,
                0.986
            ]
        ]
    },
    "mean": {
        "0": [
            [
                1.0,
                1.0
            ],
            [
                1.0,
                1.0
            ],
            [
                1.0,
                1.0
            ],
            [
                1.0,
                1.0
            ]
        ],
        "1": [
            [
                1.0,
                1.0
            ],
            [
                1.0,
                1.0
            ],
            [
                1.0,
                1.0
            ],
            [
                1.0,
                1.0
            ]
        ],
        "2": [
            [
                1.0,
                1.0
            ],
            [
                1.0,
                1.0
            ],
            [
                1.0,
                1.0
            ],
            [
                1.0,
                1.0
            ]
        ],
        "3": [
            [
                1.0,
                1.0
            ],
            [
                1.0,
                1.0
            ],
            [
                1.0,
                1.0
            ],
            [
                1.0,
                1.0
            ]
        ],
        "4": [
            [
                1.0,
                1.0
            ],
            [
                1.0,
                1.0
            ],
            [
                1.0,
                1.0
            ],
            [
                1.0,
                1.0
            ]
        ],
        "5": [
            [
                1.0,
                1.0
            ],
            [
                1.0,
                1.0
            ],
            [
                1.0,
                1.0
            ],
            [
                1.0,
                1.0
            ]
        ],
        "6": [
            [
                1.0,
                1.0
            ],
            [
                1.0,
                1.0
            ],
            [
                1.0,
                1.0
            ],
            [
                1.0,
                1.0
            ]
        ],