{
    "pooler": {
        "0": [
            [
                0.9984444444444444,
                0.9804999999999999
            ],
            [
                0.9955555555555557,
                0.9745000000000001
            ],
            [
                0.9961111111111111,
                0.9795
            ],
            [
                0.9981111111111112,
                0.9800000000000001
            ]
        ]
    },
    "cls": {
        "0": [
            [
                0.5,
                0.5
            ],
            [
                0.5,
                0.5
            ],
            [
                0.5,
                0.5
            ],
            [
                0.5,
                0.5
            ]
        ],
        "1": [
            [
                0.9998888888888888,
                1.0
            ],
            [
                0.9992777777777777,
                0.999
            ],
            [
                0.9992777777777778,
                0.9984999999999999
            ],
            [
                0.9998888888888888,
                1.0
            ]
        ],
        "2": [
            [
                0.9991111111111112,
                0.999
            ],
            [
                1.0,
                0.9995
            ],
            [
                0.9994444444444446,
                0.9995
            ],
            [
                0.9999444444444444,
                0.9994999999999999
            ]
        ],
        "3": [
            [
                0.9984999999999999,
                0.9979999999999999
            ],
            [
                1.0,
                0.9995
            ],
            [
                0.9990555555555556,
                0.9984999999999999
            ],
            [
                0.9995555555555555,
                0.9984999999999999
            ]
        ],
        "4": [
            [
                0.9996666666666666,
                0.999
            ],
            [
                1.0,
                0.9995
            ],
            [
                0.9998333333333334,
                0.9979999999999999
            ],
            [
                1.0,
                0.9984999999999999
            ]
        ],
        "5": [
            [
                0.9997777777777778,
                0.9995
            ],
            [
                0.9997777777777778,
                0.999
            ],
            [
                0.9996666666666666,
                0.9984999999999999
            ],
            [
                0.9999444444444444,
                0.999
            ]
        ],
        "6": [
            [
                0.9996111111111112,
                0.998
            ],
            [
                0.999611111111111,
                0.999
            ],
            [
                0.9999444444444444,
                1.0
            ],
            [
                0.9992222222222222,
                0.998
            ]
        ],
        "7": [
            [
                0.9979444444444443,
                0.9959999999999999
            ],
            [
                0.9977777777777778,
                0.9949999999999999
            ],
            [
                0.9941111111111111,
                0.991
            ],
            [
                0.9978888888888889,
                0.9959999999999999
            ]
        ],
        "8": [
            [
                0.9968888888888887,
                0.9904999999999999
            ],
            [
                0.9996666666666666,
                0.9974999999999999
            ],
            [
                0.999,
                0.9949999999999999
            ],
            [
                0.999111111111111,
                0.9945
            ]
        ],
        "9": [
            [
                0.9982222222222221,
                0.9964999999999999
            ],
            [
                0.999,
                0.9959999999999999
            ],
            [
                0.9976111111111111,
                0.9964999999999999
            ],
            [
                0.9976111111111111,
                0.9964999999999999
            ]
        ],
        "10": [
            [
                0.9988888888888889,
                0.9974999999999999
            ],
            [
                0.9986111111111111,
                0.9944999999999998
            ],
            [
                0.999111111111111,
                0.9964999999999999
            ],
            [
                0.9993333333333334,
                0.9974999999999999
            ]
        ],
        "11": [
            [
                0.9989999999999999,
                0.993
            ],
            [
                0.998388888888889,
                0.9904999999999999
            ],
            [
                0.9991666666666668,
                0.9934999999999998
            ],
            [
                0.9992777777777778,
                0.993
            ]
        ],
        "12": [
            [
                0.9984999999999999,
                0.9825000000000002
            ],
            [
                0.9969444444444443,
                0.983
            ],
            [
                0.9975555555555555,
                0.9854999999999998
            ],
            [
                0.9986111111111112,
                0.9844999999999999
            ]
        ]
    },
    "mean": {
        "0": [
            [
                1.0,
                1.0
            ],
            [
                1.0,
                1.0
            ],
            [
                1.0,
                1.0
            ],
            [
                1.0,
                1.0
            ]
        ],
        "1": [
            [
                1.0,
                1.0
            ],
            [
                1.0,
                1.0
            ],
            [
                1.0,
                1.0
            ],
            [
                1.0,
                1.0
            ]
        ],
        "2": [
            [
                1.0,
                1.0
            ],
            [
                1.0,
                1.0
            ],
            [
                1.0,
                1.0
            ],
            [
                1.0,
                1.0
            ]
        ],
        "3": [
            [
                1.0,
                1.0
            ],
            [
                1.0,
                1.0
            ],
            [
                1.0,
                1.0
            ],
            [
                1.0,
                1.0
            ]
        ],
        "4": [
            [
                1.0,
                1.0
            ],
            [
                1.0,
                1.0
            ],
            [
                1.0,
                1.0
            ],
            [
                1.0,
                1.0
            ]
        ],
        "5": [
            [
                1.0,
                1.0
            ],
            [
                1.0,
                1.0
            ],
            [
                1.0,
                1.0
            ],
            [
                1.0,
                1.0
            ]
        ],
        "6": [
            [
                1.0,
                0.9995
            ],
            [
                1.0,
                1.0
            ],
            [
                1.0,
                1.0
            ],
            [
                0.9998333333333334,
                0.9995
            ]
        ],
        "7": [
            [
                1.0,
                1.0
            ],
            [
                1.0,
                1.0
            ],
            [
                1.0,
                1.0
            ],
            [
                1.0,
                1.0
            ]
        ],