{
    "mean": {
        "0": [
            [
                0.9999444444444444,
                0.9970000000000001
            ],
            [
                1.0,
                0.998
            ],
            [
                0.9987222222222222,
                0.9924999999999999
            ],
            [
                0.9998888888888888,
                0.9959999999999999
            ]
        ],
        "1": [
            [
                0.9992777777777778,
                0.9979999999999999
            ],
            [
                0.9992777777777778,
                0.9974999999999999
            ],
            [
                0.9992777777777778,
                0.9969999999999999
            ],
            [
                0.9999444444444444,
                0.998
            ]
        ],
        "2": [
            [
                1.0,
                1.0
            ],
            [
                0.9985555555555555,
                0.9960000000000001
            ],
            [
                0.9982777777777777,
                0.9974999999999999
            ],
            [
                0.9998888888888888,
                0.9984999999999999
            ]
        ],
        "3": [
            [
                1.0,
                1.0
            ],
            [
                0.9982222222222221,
                0.9974999999999999
            ],
            [
                0.9992222222222222,
                0.998
            ],
            [
                0.9998333333333334,
                0.9995
            ]
        ],
        "4": [
            [
                1.0,
                1.0
            ],
            [
                1.0,
                1.0
            ],
            [
                0.9997222222222222,
                0.999
            ],
            [
                1.0,
                1.0
            ]
        ],
        "5": [
            [
                1.0,
                1.0
            ],
            [
                1.0,
                1.0
            ],
            [
                1.0,
                1.0
            ],
            [
                1.0,
                1.0
            ]
        ],
        "6": [
            [
                1.0,
                1.0
            ],
            [
                0.9994999999999999,
                0.999
            ],
            [
                1.0,
                1.0
            ],
            [
                1.0,
                1.0
            ]
        ],
        "7": [
            [
                1.0,
                1.0
            ],
            [
                1.0,
                0.9995
            ],
            [
                1.0,
                1.0
            ],
            [
                1.0,
                1.0
            ]
        ],
        "8": [
            [
                1.0,
                1.0
            ],
            [
                0.9999444444444444,
                0.999
            ],
            [
                1.0,
                1.0
            ],
            [
                1.0,
                1.0
            ]
        ],
        "9": [
            [
                1.0,
                0.9994999999999999
            ],
            [
                1.0,
                0.9995
            ],
            [
                1.0,
                1.0
            ],
            [
                1.0,
                1.0
            ]
        ],
        "10": [
            [
                1.0,
                0.9994999999999999
            ],
            [
                1.0,
                0.999
            ],
            [
                1.0,
                1.0
            ],
            [
                0.9997222222222222,
                1.0
            ]
        ],
        "11": [
            [
                1.0,
                0.9994999999999999
            ],
            [
                0.9994999999999999,
                0.9995
            ],
            [
                0.9995555555555555,
                0.999
            ],
            [
                1.0,
                0.9995
            ]
        ],
        "12": [
            [
                1.0,
                1.0
            ],
            [
                0.9998333333333334,
                0.9995
            ],
            [
                0.9998333333333334,
                0.9995
            ],
            [
                1.0,
                0.9995
            ]
        ]
    },
    "haddamard": {
        "0": [
            [
                0.8956111111111111,
                0.818
            ],
            [
                0.9109444444444446,
                0.8264999999999999
            ],
            [
                0.9172777777777779,
                0.836
            ],
            [
                0.9035555555555556,
                0.8295
            ]
        ],
        "1": [
            [
                0.9696111111111112,
                0.7200000000000001
            ],
            [
                0.9645000000000001,
                0.7075
            ],
            [
                0.975388888888889,
                0.7290000000000001
            ],
            [
                0.9638333333333333,
                0.7230000000000001
            ]
        ],
        "2": [
            [
                0.9679444444444444,
                0.735
            ],
            [
                0.9746666666666668,
                0.7355
            ],
            [
                0.9743333333333333,
                0.725
            ],
            [
                0.9694444444444444,
                0.7409999999999999
            ]
        ],
        "3": [
            [
                0.9540555555555557,
                0.6755
            ],
            [
                0.9676111111111112,
                0.6709999999999999
            ],
            [
                0.9697222222222223,
                0.6815
            ],
            [
                0.9677222222222224,
                0.6975
            ]
        ],
        "4": [
            [
                0.9724999999999998,
                0.685
            ],
            [
                0.9705,
                0.6845
            ],
            [
                0.9747777777777777,
                0.6834999999999999
            ],
            [
                0.9647222222222223,
                0.6835
            ]
        ],
        "5": [
            [
                0.9743333333333333,
                0.732
            ],
            [
                0.9678333333333333,
                0.6994999999999999
            ],
            [
                0.9724999999999999,
                0.716
            ],
            [
                0.9683333333333332,
                0.7130000000000001
            ]
        ],
        "6": [
            [
                0.9742222222222223,
                0.7205
            ],
            [
                0.9661666666666667,
                0.715
            ],
            [
                0.9732777777777779,
                0.7245000000000001
            ],
            [
                0.9652222222222223,
                0.7115
            ]
        ],
        "7": [
            [
                0.9680555555555556,
                0.7115
            ],
            [
                0.9548888888888889,
                0.6955
            ],
            [
                0.9633888888888886,
                0.7070000000000001
            ],
            [
                0.9526111111111112,
                0.6910000000000001
            ]
        ],