{
    "mean": {
        "0": [
            [
                0.9951111111111111,
                0.9909999999999999
            ],
            [
                0.9997777777777778,
                0.9955
            ],
            [
                0.9992777777777778,
                0.9954999999999998
            ],
            [
                0.9993888888888888,
                0.9954999999999998
            ]
        ],
        "1": [
            [
                0.9999444444444444,
                0.998
            ],
            [
                0.9966666666666667,
                0.993
            ],
            [
                0.9997777777777778,
                0.998
            ],
            [
                0.9989444444444444,
                0.9964999999999999
            ]
        ],
        "2": [
            [
                1.0,
                0.9995
            ],
            [
                0.9978888888888887,
                0.9964999999999999
            ],
            [
                1.0,
                0.998
            ],
            [
                0.9997222222222222,
                0.998
            ]
        ],
        "3": [
            [
                0.9995555555555555,
                0.999
            ],
            [
                0.9970555555555556,
                0.9970000000000001
            ],
            [
                0.9993333333333332,
                0.9979999999999999
            ],
            [
                0.999388888888889,
                0.9970000000000001
            ]
        ],
        "4": [
            [
                0.9992777777777777,
                0.9984999999999999
            ],
            [
                0.9969999999999999,
                0.9945
            ],
            [
                0.9993333333333332,
                0.9984999999999999
            ],
            [
                0.9971111111111111,
                0.9969999999999999
            ]
        ],
        "5": [
            [
                0.9994999999999999,
                0.9995
            ],
            [
                0.9983888888888888,
                0.998
            ],
            [
                0.9992222222222222,
                0.998
            ],
            [
                0.9994999999999999,
                0.9995
            ]
        ],
        "6": [
            [
                1.0,
                0.9995
            ],
            [
                0.9984999999999999,
                0.9974999999999999
            ],
            [
                0.9993333333333332,
                0.9974999999999999
            ],
            [
                0.9991111111111112,
                0.999
            ]
        ],
        "7": [
            [
                0.9992222222222222,
                0.9970000000000001
            ],
            [
                0.9994444444444444,
                0.9975000000000002
            ],
            [
                0.9976111111111111,
                0.9970000000000001
            ],
            [
                0.9984999999999999,
                0.998
            ]
        ],
        "8": [
            [
                0.9974999999999999,
                0.9964999999999999
            ],
            [
                0.9983333333333333,
                0.9959999999999999
            ],
            [
                0.9966111111111109,
                0.9960000000000001
            ],
            [
                0.9966111111111109,
                0.9955
            ]
        ],
        "9": [
            [
                0.9974444444444444,
                0.9964999999999999
            ],
            [
                0.999111111111111,
                0.9970000000000001
            ],
            [
                0.9966111111111109,
                0.9965000000000002
            ],
            [
                0.9968333333333332,
                0.9954999999999998
            ]
        ],
        "10": [
            [
                0.9969999999999999,
                0.9955
            ],
            [
                0.9977777777777777,
                0.9964999999999999
            ],
            [
                0.9961666666666666,
                0.9950000000000001
            ],
            [
                0.9955555555555554,
                0.9945
            ]
        ],
        "11": [
            [
                0.9979444444444445,
                0.9959999999999999
            ],
            [
                0.9987222222222222,
                0.9950000000000001
            ],
            [
                0.9959999999999999,
                0.9960000000000001
            ],
            [
                0.9967777777777777,
                0.9964999999999999
            ]
        ],
        "12": [
            [
                0.9985555555555555,
                0.9964999999999998
            ],
            [
                0.9988333333333334,
                0.9964999999999999
            ],
            [
                0.9956666666666665,
                0.994
            ],
            [
                0.9957777777777779,
                0.9949999999999999
            ]
        ]
    },
    "haddamard": {
        "0": [
            [
                0.6721111111111111,
                0.6285
            ],
            [
                0.6666666666666667,
                0.626
            ],
            [
                0.6845555555555556,
                0.6300000000000001
            ],
            [
                0.6834444444444445,
                0.635
            ]
        ],
        "1": [
            [
                0.8917777777777778,
                0.601
            ],
            [
                0.8234444444444444,
                0.599
            ],
            [
                0.7960555555555555,
                0.5864999999999999
            ],
            [
                0.6785555555555555,
                0.5595
            ]
        ],
        "2": [
            [
                0.9446111111111112,
                0.6225000000000002
            ],
            [
                0.8497777777777777,
                0.5915
            ],
            [
                0.8830555555555556,
                0.5995
            ],
            [
                0.7428888888888889,
                0.5680000000000001
            ]
        ],
        "3": [
            [
                0.8809444444444445,
                0.5675
            ],
            [
                0.7186666666666668,
                0.5605
            ],
            [
                0.8198333333333334,
                0.5555
            ],
            [
                0.8413333333333334,
                0.5854999999999999
            ]
        ],
        "4": [
            [
                0.9032777777777777,
                0.5469999999999999
            ],
            [
                0.8820555555555556,
                0.5519999999999999
            ],
            [
                0.8788888888888889,
                0.5555000000000001
            ],
            [
                0.7686111111111111,
                0.5285
            ]
        ],
        "5": [
            [
                0.8526111111111112,
                0.5735
            ],
            [
                0.7963333333333333,
                0.5539999999999999
            ],
            [
                0.9091111111111111,
                0.5599999999999999
            ],
            [
                0.9004999999999999,
                0.5785
            ]
        ],