{
    "mean": {
        "0": [
            [
                1.0,
                1.0
            ],
            [
                0.9992222222222221,
                0.999
            ],
            [
                0.9997222222222222,
                0.9995
            ],
            [
                1.0,
                1.0
            ]
        ],
        "1": [
            [
                0.9995555555555555,
                0.999
            ],
            [
                1.0,
                0.9995
            ],
            [
                0.9997222222222222,
                0.9995
            ],
            [
                1.0,
                1.0
            ]
        ],
        "2": [
            [
                1.0,
                0.9995
            ],
            [
                0.9986111111111111,
                0.9955
            ],
            [
                0.9999444444444444,
                0.999
            ],
            [
                0.9998888888888888,
                0.9995
            ]
        ],
        "3": [
            [
                0.9999444444444444,
                0.9994999999999999
            ],
            [
                0.9991111111111112,
                0.999
            ],
            [
                1.0,
                1.0
            ],
            [
                1.0,
                0.9994999999999999
            ]
        ],
        "4": [
            [
                0.9999444444444444,
                0.9994999999999999
            ],
            [
                0.9996666666666666,
                0.999
            ],
            [
                0.999611111111111,
                0.999
            ],
            [
                0.9998888888888888,
                0.9995
            ]
        ],
        "5": [
            [
                1.0,
                1.0
            ],
            [
                0.998,
                0.9955
            ],
            [
                0.999611111111111,
                0.9984999999999999
            ],
            [
                0.9991111111111112,
                0.9979999999999999
            ]
        ],
        "6": [
            [
                0.9999444444444444,
                1.0
            ],
            [
                0.9987777777777778,
                0.9979999999999999
            ],
            [
                0.9999444444444444,
                0.999
            ],
            [
                0.9985555555555555,
                0.9974999999999999
            ]
        ],
        "7": [
            [
                0.9999444444444444,
                0.9964999999999999
            ],
            [
                0.9976666666666667,
                0.9950000000000001
            ],
            [
                0.999388888888889,
                0.9975000000000002
            ],
            [
                0.9988888888888889,
                0.9974999999999999
            ]
        ],
        "8": [
            [
                0.9998333333333334,
                0.9969999999999999
            ],
            [
                0.9977222222222222,
                0.993
            ],
            [
                1.0,
                0.999
            ],
            [
                0.9990555555555556,
                0.998
            ]
        ],
        "9": [
            [
                1.0,
                0.9969999999999999
            ],
            [
                0.9984999999999999,
                0.9925
            ],
            [
                0.9998333333333334,
                0.999
            ],
            [
                0.9987222222222222,
                0.9949999999999999
            ]
        ],
        "10": [
            [
                0.9984999999999999,
                0.992
            ],
            [
                0.9999444444444444,
                0.9955
            ],
            [
                0.9992777777777778,
                0.9955
            ],
            [
                0.9997777777777778,
                0.9934999999999998
            ]
        ],
        "11": [
            [
                0.9994999999999999,
                0.9944999999999998
            ],
            [
                0.9996666666666666,
                0.9909999999999999
            ],
            [
                0.9993333333333334,
                0.9889999999999999
            ],
            [
                0.999388888888889,
                0.9945
            ]
        ],
        "12": [
            [
                0.9978333333333333,
                0.9834999999999999
            ],
            [
                0.9978888888888887,
                0.9834999999999999
            ],
            [
                0.9976666666666665,
                0.9785
            ],
            [
                0.9985555555555555,
                0.984
            ]
        ]
    },
    "haddamard": {
        "0": [
            [
                0.8714999999999999,
                0.8094999999999999
            ],
            [
                0.8366666666666667,
                0.7879999999999999
            ],
            [
                0.8504444444444446,
                0.7915
            ],
            [
                0.859611111111111,
                0.7885000000000001
            ]
        ],
        "1": [
            [
                0.7482222222222222,
                0.54
            ],
            [
                0.797111111111111,
                0.5755
            ],
            [
                0.7947777777777778,
                0.5755
            ],
            [
                0.6767777777777778,
                0.5519999999999999
            ]
        ],
        "2": [
            [
                0.7542222222222221,
                0.5599999999999999
            ],
            [
                0.6475000000000001,
                0.5385000000000001
            ],
            [
                0.9053333333333334,
                0.6140000000000001
            ],
            [
                0.8117222222222222,
                0.582
            ]
        ],
        "3": [
            [
                0.8121666666666666,
                0.5714999999999999
            ],
            [
                0.736111111111111,
                0.5595
            ],
            [
                0.7371666666666666,
                0.5630000000000001
            ],
            [
                0.7316666666666667,
                0.5469999999999999
            ]
        ],
        "4": [
            [
                0.771611111111111,
                0.5599999999999999
            ],
            [
                0.7482222222222222,
                0.5485
            ],
            [
                0.7758333333333334,
                0.569
            ],
            [
                0.8107777777777777,
                0.5745
            ]
        ],
        "5": [
            [
                0.6805555555555556,
                0.52
            ],
            [
                0.5917222222222223,
                0.517
            ],
            [
                0.6163333333333333,
                0.5165
            ],
            [
                0.6292777777777778,
                0.5425000000000001
            ]
        ],
        "6": [
            [
                0.5976666666666668,
                0.521
            ],
            [
                0.6133333333333333,
                0.5115000000000001
            ],
            [
                0.5965,
                0.51
            ],
            [
                0.5970555555555556,
                0.5115000000000001
            ]
        ],