{
    "mean": {
        "0": [
            [
                0.9988333333333334,
                0.9984999999999999
            ],
            [
                0.9990555555555556,
                0.998
            ],
            [
                0.9999444444444444,
                0.9995
            ],
            [
                0.9997222222222222,
                0.999
            ]
        ],
        "1": [
            [
                1.0,
                1.0
            ],
            [
                1.0,
                1.0
            ],
            [
                1.0,
                1.0
            ],
            [
                1.0,
                1.0
            ]
        ],
        "2": [
            [
                1.0,
                1.0
            ],
            [
                1.0,
                1.0
            ],
            [
                1.0,
                1.0
            ],
            [
                0.999611111111111,
                0.9994999999999999
            ]
        ],
        "3": [
            [
                1.0,
                1.0
            ],
            [
                1.0,
                1.0
            ],
            [
                1.0,
                1.0
            ],
            [
                0.9995,
                0.9994999999999999
            ]
        ],
        "4": [
            [
                1.0,
                1.0
            ],
            [
                0.9998888888888888,
                0.999
            ],
            [
                0.9997777777777778,
                0.9995
            ],
            [
                0.9997222222222222,
                1.0
            ]
        ],
        "5": [
            [
                0.9998888888888888,
                0.9995
            ],
            [
                0.9995555555555555,
                0.999
            ],
            [
                0.9990555555555556,
                0.9984999999999999
            ],
            [
                0.9992777777777778,
                0.9989999999999999
            ]
        ],
        "6": [
            [
                0.9995555555555555,
                0.9984999999999999
            ],
            [
                0.9993333333333334,
                0.9984999999999999
            ],
            [
                0.9990555555555556,
                0.9984999999999999
            ],
            [
                0.9988888888888889,
                0.9974999999999999
            ]
        ],
        "7": [
            [
                1.0,
                1.0
            ],
            [
                0.9983888888888888,
                0.9970000000000001
            ],
            [
                0.9994999999999999,
                0.9984999999999999
            ],
            [
                0.9991111111111112,
                0.9994999999999999
            ]
        ],
        "8": [
            [
                1.0,
                1.0
            ],
            [
                0.9978333333333333,
                0.9970000000000001
            ],
            [
                0.9991666666666668,
                0.9984999999999999
            ],
            [
                0.9985555555555555,
                0.9969999999999999
            ]
        ],
        "9": [
            [
                0.9997777777777778,
                0.999
            ],
            [
                0.9969999999999999,
                0.9945
            ],
            [
                0.9998333333333334,
                0.998
            ],
            [
                0.9982222222222221,
                0.9974999999999999
            ]
        ],
        "10": [
            [
                0.9992777777777778,
                0.9970000000000001
            ],
            [
                0.9963333333333333,
                0.9960000000000001
            ],
            [
                0.9976666666666667,
                0.9949999999999999
            ],
            [
                0.9978888888888887,
                0.9964999999999999
            ]
        ],
        "11": [
            [
                1.0,
                0.9970000000000001
            ],
            [
                0.9979444444444443,
                0.994
            ],
            [
                0.9987777777777778,
                0.9974999999999999
            ],
            [
                0.9996666666666666,
                0.9964999999999999
            ]
        ],
        "12": [
            [
                0.9956111111111111,
                0.993
            ],
            [
                0.9971111111111111,
                0.991
            ],
            [
                0.9997222222222222,
                0.9974999999999999
            ],
            [
                0.9990555555555554,
                0.994
            ]
        ]
    },
    "haddamard": {
        "0": [
            [
                0.8467222222222223,
                0.8150000000000001
            ],
            [
                0.8478888888888889,
                0.8029999999999999
            ],
            [
                0.8497777777777777,
                0.8210000000000001
            ],
            [
                0.8636666666666667,
                0.8200000000000001
            ]
        ],
        "1": [
            [
                0.9649444444444445,
                0.7190000000000001
            ],
            [
                0.9536666666666667,
                0.7035
            ],
            [
                0.9668333333333333,
                0.7304999999999999
            ],
            [
                0.9656666666666667,
                0.723
            ]
        ],
        "2": [
            [
                0.9666666666666668,
                0.7325
            ],
            [
                0.9673333333333334,
                0.7245
            ],
            [
                0.9684444444444444,
                0.7364999999999999
            ],
            [
                0.9541666666666668,
                0.7224999999999999
            ]
        ],
        "3": [
            [
                0.967611111111111,
                0.702
            ],
            [
                0.9605555555555554,
                0.6965
            ],
            [
                0.9655555555555555,
                0.6945
            ],
            [
                0.9577777777777777,
                0.6735
            ]
        ],
        "4": [
            [
                0.9303333333333335,
                0.6559999999999999
            ],
            [
                0.9241666666666667,
                0.6505
            ],
            [
                0.9509444444444446,
                0.68
            ],
            [
                0.9378888888888888,
                0.6779999999999999
            ]
        ],
        "5": [
            [
                0.8866111111111111,
                0.625
            ],
            [
                0.8640000000000001,
                0.607
            ],
            [
                0.9600555555555556,
                0.6805
            ],
            [
                0.9160000000000001,
                0.6365
            ]
        ],
        "6": [
            [
                0.8094444444444445,
                0.6064999999999999
            ],
            [
                0.8643888888888889,
                0.634
            ],
            [
                0.9477222222222222,
                0.6785
            ],
            [
                0.9243333333333335,
                0.6655
            ]
        ],