{
    "mean": {
        "0": [
            [
                0.9984999999999999,
                0.993
            ],
            [
                0.9993888888888888,
                0.9934999999999998
            ],
            [
                0.9980555555555556,
                0.993
            ],
            [
                0.998,
                0.992
            ]
        ],
        "1": [
            [
                0.9992777777777778,
                0.9984999999999999
            ],
            [
                0.9993333333333334,
                0.9950000000000001
            ],
            [
                0.9996666666666666,
                0.9969999999999999
            ],
            [
                0.999111111111111,
                0.9955
            ]
        ],
        "2": [
            [
                0.9990555555555556,
                0.9970000000000001
            ],
            [
                0.9983888888888888,
                0.9955
            ],
            [
                0.9988333333333334,
                0.9945
            ],
            [
                0.9991666666666668,
                0.999
            ]
        ],
        "3": [
            [
                0.999611111111111,
                0.998
            ],
            [
                0.9990555555555556,
                0.999
            ],
            [
                0.9976666666666667,
                0.993
            ],
            [
                0.9991666666666668,
                0.9979999999999999
            ]
        ],
        "4": [
            [
                0.9988333333333334,
                0.9964999999999999
            ],
            [
                0.999,
                0.998
            ],
            [
                0.9977222222222222,
                0.9955
            ],
            [
                0.9986666666666666,
                0.9969999999999999
            ]
        ],
        "5": [
            [
                0.9977777777777778,
                0.9974999999999999
            ],
            [
                0.9974999999999999,
                0.9959999999999999
            ],
            [
                0.9973333333333333,
                0.9964999999999999
            ],
            [
                0.998111111111111,
                0.9964999999999999
            ]
        ],
        "6": [
            [
                0.9988333333333334,
                0.9964999999999999
            ],
            [
                0.9957777777777777,
                0.9945
            ],
            [
                0.9984999999999999,
                0.9979999999999999
            ],
            [
                0.9988333333333334,
                0.9984999999999999
            ]
        ],
        "7": [
            [
                0.9994999999999999,
                0.999
            ],
            [
                0.9987777777777778,
                0.9970000000000001
            ],
            [
                0.9989444444444444,
                0.998
            ],
            [
                0.9984999999999999,
                0.998
            ]
        ],
        "8": [
            [
                0.9988333333333334,
                0.998
            ],
            [
                0.9985555555555556,
                0.998
            ],
            [
                0.9973888888888889,
                0.9959999999999999
            ],
            [
                0.9990555555555556,
                0.9984999999999999
            ]
        ],
        "9": [
            [
                0.9998333333333334,
                0.999
            ],
            [
                0.9978333333333333,
                0.9964999999999999
            ],
            [
                0.9972222222222221,
                0.9970000000000001
            ],
            [
                0.9988888888888889,
                0.998
            ]
        ],
        "10": [
            [
                0.9990555555555556,
                0.998
            ],
            [
                0.9981666666666668,
                0.9959999999999999
            ],
            [
                0.9972777777777777,
                0.9964999999999999
            ],
            [
                0.9995,
                0.998
            ]
        ],
        "11": [
            [
                0.9992777777777777,
                0.998
            ],
            [
                0.998,
                0.9949999999999999
            ],
            [
                0.9972777777777777,
                0.9959999999999999
            ],
            [
                0.9986666666666666,
                0.9974999999999999
            ]
        ],
        "12": [
            [
                0.999388888888889,
                0.9969999999999999
            ],
            [
                0.9960000000000001,
                0.991
            ],
            [
                0.999,
                0.9969999999999999
            ],
            [
                0.999,
                0.9955
            ]
        ]
    },
    "haddamard": {
        "0": [
            [
                0.5976111111111111,
                0.5545
            ],
            [
                0.5920000000000001,
                0.5625
            ],
            [
                0.6149444444444445,
                0.578
            ],
            [
                0.5988888888888888,
                0.5665
            ]
        ],
        "1": [
            [
                0.6178333333333333,
                0.5025000000000001
            ],
            [
                0.7318333333333333,
                0.549
            ],
            [
                0.6485000000000001,
                0.5349999999999999
            ],
            [
                0.6315,
                0.5279999999999999
            ]
        ],
        "2": [
            [
                0.7716666666666666,
                0.5505
            ],
            [
                0.7845,
                0.564
            ],
            [
                0.8352222222222222,
                0.5785
            ],
            [
                0.6477222222222221,
                0.5405
            ]
        ],
        "3": [
            [
                0.8814444444444444,
                0.5745
            ],
            [
                0.7165555555555556,
                0.534
            ],
            [
                0.7964444444444444,
                0.5565
            ],
            [
                0.7945555555555555,
                0.5584999999999999
            ]
        ],
        "4": [
            [
                0.8136111111111111,
                0.5664999999999999
            ],
            [
                0.7384999999999999,
                0.547
            ],
            [
                0.780888888888889,
                0.545
            ],
            [
                0.7167222222222221,
                0.554
            ]
        ],
        "5": [
            [
                0.8310000000000001,
                0.5505
            ],
            [
                0.7941111111111111,
                0.547
            ],
            [
                0.8831111111111112,
                0.5635
            ],
            [
                0.7868333333333334,
                0.5525
            ]
        ],
        "6": [
            [
                0.8591111111111112,
                0.5645
            ],
            [
                0.7142777777777777,
                0.5515
            ],
            [
                0.8947777777777777,
                0.5655
            ],
            [
                0.7098888888888888,
                0.5389999999999999
            ]
        ],