{
    "mean": {
        "0": [
            [
                0.9316666666666666,
                0.55
            ],
            [
                0.7038888888888888,
                0.49000000000000005
            ],
            [
                0.7488888888888889,
                0.4800000000000001
            ],
            [
                0.821111111111111,
                0.5650000000000002
            ]
        ],
        "1": [
            [
                0.8022222222222222,
                0.51
            ],
            [
                0.8616666666666667,
                0.52
            ],
            [
                0.7722222222222224,
                0.56
            ],
            [
                0.7205555555555556,
                0.5349999999999999
            ]
        ],
        "2": [
            [
                0.8572222222222221,
                0.53
            ],
            [
                0.8116666666666668,
                0.53
            ],
            [
                0.7911111111111111,
                0.525
            ],
            [
                0.6794444444444443,
                0.48
            ]
        ],
        "3": [
            [
                0.8116666666666668,
                0.52
            ],
            [
                0.7372222222222222,
                0.51
            ],
            [
                0.7161111111111111,
                0.5549999999999999
            ],
            [
                0.8872222222222224,
                0.495
            ]
        ],
        "4": [
            [
                0.8555555555555557,
                0.5199999999999999
            ],
            [
                0.828888888888889,
                0.485
            ],
            [
                0.8194444444444444,
                0.53
            ],
            [
                0.82,
                0.52
            ]
        ],
        "5": [
            [
                0.8872222222222221,
                0.535
            ],
            [
                0.6777777777777778,
                0.485
            ],
            [
                0.788888888888889,
                0.55
            ],
            [
                0.9622222222222222,
                0.5449999999999999
            ]
        ],
        "6": [
            [
                0.8949999999999999,
                0.53
            ],
            [
                0.7205555555555555,
                0.5
            ],
            [
                0.7422222222222222,
                0.54
            ],
            [
                0.8838888888888888,
                0.53
            ]
        ],
        "7": [
            [
                0.8672222222222222,
                0.49000000000000005
            ],
            [
                0.6622222222222222,
                0.5
            ],
            [
                0.9172222222222223,
                0.595
            ],
            [
                0.8705555555555555,
                0.505
            ]
        ],
        "8": [
            [
                0.8699999999999999,
                0.51
            ],
            [
                0.7422222222222222,
                0.505
            ],
            [
                0.9183333333333333,
                0.5850000000000001
            ],
            [
                0.8516666666666666,
                0.53
            ]
        ],
        "9": [
            [
                0.9349999999999999,
                0.47000000000000003
            ],
            [
                0.8522222222222222,
                0.4999999999999999
            ],
            [
                0.7816666666666667,
                0.595
            ],
            [
                0.8883333333333333,
                0.5050000000000001
            ]
        ],
        "10": [
            [
                0.8744444444444444,
                0.485
            ],
            [
                0.8716666666666667,
                0.505
            ],
            [
                0.7288888888888889,
                0.49000000000000005
            ],
            [
                0.8238888888888889,
                0.505
            ]
        ],
        "11": [
            [
                0.9005555555555554,
                0.48500000000000004
            ],
            [
                0.7838888888888889,
                0.495
            ],
            [
                0.8494444444444446,
                0.52
            ],
            [
                0.8138888888888889,
                0.5349999999999999
            ]
        ],
        "12": [
            [
                0.9099999999999998,
                0.48
            ],
            [
                0.8255555555555556,
                0.45999999999999996
            ],
            [
                0.7683333333333334,
                0.5199999999999999
            ],
            [
                0.903888888888889,
                0.5050000000000001
            ]
        ]
    },
    "haddamard": {
        "0": [
            [
                0.5744444444444444,
                0.495
            ],
            [
                0.5033333333333333,
                0.495
            ],
            [
                0.5872222222222222,
                0.54
            ],
            [
                0.5633333333333332,
                0.49000000000000005
            ]
        ],
        "1": [
            [
                0.8411111111111111,
                0.5000000000000001
            ],
            [
                0.616111111111111,
                0.5
            ],
            [
                0.861111111111111,
                0.505
            ],
            [
                0.785,
                0.57
            ]
        ],
        "2": [
            [
                0.8238888888888889,
                0.5349999999999999
            ],
            [
                0.5416666666666667,
                0.49000000000000005
            ],
            [
                0.7194444444444444,
                0.5549999999999999
            ],
            [
                0.8122222222222222,
                0.48
            ]
        ],
        "3": [
            [
                0.8716666666666665,
                0.43500000000000005
            ],
            [
                0.6883333333333332,
                0.4999999999999999
            ],
            [
                0.8072222222222223,
                0.495
            ],
            [
                0.8188888888888888,
                0.425
            ]
        ],
        "4": [
            [
                0.75,
                0.515
            ],
            [
                0.8988888888888888,
                0.485
            ],
            [
                0.7805555555555556,
                0.53
            ],
            [
                0.7461111111111111,
                0.43500000000000005
            ]
        ],
        "5": [
            [
                0.8355555555555556,
                0.51
            ],
            [
                0.7233333333333334,
                0.48999999999999994
            ],
            [
                0.8244444444444443,
                0.485
            ],
            [
                0.6927777777777777,
                0.40499999999999997
            ]
        ],
        "6": [
            [
                0.8694444444444445,
                0.51
            ],
            [
                0.8783333333333333,
                0.465
            ],
            [
                0.6516666666666666,
                0.5299999999999999
            ],
            [
                0.6938888888888889,
                0.4750000000000001
            ]
        ],