{
    "mean": {
        "0": [
            [
                0.5,
                0.5
            ],
            [
                0.5,
                0.5
            ],
            [
                0.5,
                0.5
            ],
            [
                0.5,
                0.5
            ]
        ],
        "1": [
            [
                0.5181111111111112,
                0.5105
            ],
            [
                0.5294444444444444,
                0.5235
            ],
            [
                0.5223333333333333,
                0.5155000000000001
            ],
            [
                0.5257777777777777,
                0.524
            ]
        ],
        "2": [
            [
                0.7619444444444444,
                0.7289999999999999
            ],
            [
                0.8613888888888889,
                0.7985
            ],
            [
                0.9802777777777777,
                0.889
            ],
            [
                0.8603333333333334,
                0.7975000000000001
            ]
        ],
        "3": [
            [
                0.995611111111111,
                0.969
            ],
            [
                0.9945555555555554,
                0.9625
            ],
            [
                0.9964444444444445,
                0.9709999999999999
            ],
            [
                0.9944444444444445,
                0.9720000000000001
            ]
        ],
        "4": [
            [
                0.9975555555555555,
                0.984
            ],
            [
                0.9981111111111112,
                0.975
            ],
            [
                0.9967222222222221,
                0.978
            ],
            [
                0.9962777777777777,
                0.9810000000000001
            ]
        ],
        "5": [
            [
                0.9973888888888889,
                0.991
            ],
            [
                0.9987222222222222,
                0.9865
            ],
            [
                0.9987222222222222,
                0.9870000000000001
            ],
            [
                0.9978333333333333,
                0.9855
            ]
        ],
        "6": [
            [
                0.9984444444444444,
                0.9874999999999998
            ],
            [
                0.9980555555555556,
                0.986
            ],
            [
                0.9978333333333333,
                0.986
            ],
            [
                0.9976111111111111,
                0.9834999999999999
            ]
        ],
        "7": [
            [
                0.998,
                0.9814999999999999
            ],
            [
                0.998111111111111,
                0.9825000000000002
            ],
            [
                0.9968333333333332,
                0.9790000000000001
            ],
            [
                0.9971666666666665,
                0.9795
            ]
        ],
        "8": [
            [
                0.9980555555555556,
                0.9774999999999998
            ],
            [
                0.9976666666666667,
                0.9730000000000001
            ],
            [
                0.9959999999999999,
                0.9710000000000001
            ],
            [
                0.998,
                0.974
            ]
        ],
        "9": [
            [
                0.9967222222222223,
                0.9709999999999999
            ],
            [
                0.9960555555555555,
                0.9724999999999999
            ],
            [
                0.9959444444444443,
                0.969
            ],
            [
                0.9972777777777777,
                0.9705
            ]
        ],
        "10": [
            [
                0.9963888888888889,
                0.9614999999999998
            ],
            [
                0.9951666666666666,
                0.9584999999999999
            ],
            [
                0.9948333333333335,
                0.9664999999999999
            ],
            [
                0.9966666666666667,
                0.9625
            ]
        ],
        "11": [
            [
                0.9946666666666666,
                0.9470000000000001
            ],
            [
                0.9927222222222222,
                0.946
            ],
            [
                0.9927777777777778,
                0.9494999999999999
            ],
            [
                0.9957222222222221,
                0.951
            ]
        ],
        "12": [
            [
                0.9930000000000001,
                0.9344999999999999
            ],
            [
                0.9892777777777779,
                0.9330000000000002
            ],
            [
                0.9900555555555556,
                0.93
            ],
            [
                0.992,
                0.931
            ]
        ]
    },
    "haddamard": {
        "0": [
            [
                0.5028888888888889,
                0.5
            ],
            [
                0.5062222222222222,
                0.502
            ],
            [
                0.5067222222222222,
                0.5055
            ],
            [
                0.5035000000000001,
                0.5025
            ]
        ],
        "1": [
            [
                0.5232777777777777,
                0.49700000000000005
            ],
            [
                0.516888888888889,
                0.501
            ],
            [
                0.5270555555555556,
                0.5115000000000001
            ],
            [
                0.5211666666666666,
                0.4995000000000001
            ]
        ],
        "2": [
            [
                0.5209444444444443,
                0.49899999999999994
            ],
            [
                0.5170555555555556,
                0.502
            ],
            [
                0.5225,
                0.5049999999999999
            ],
            [
                0.5336666666666667,
                0.506
            ]
        ],
        "3": [
            [
                0.5632777777777778,
                0.49350000000000005
            ],
            [
                0.5371111111111111,
                0.508
            ],
            [
                0.5638888888888889,
                0.4955
            ],
            [
                0.5614444444444444,
                0.496
            ]
        ],
        "4": [
            [
                0.5910555555555554,
                0.5029999999999999
            ],
            [
                0.5558888888888889,
                0.505
            ],
            [
                0.5883333333333333,
                0.5035000000000001
            ],
            [
                0.5832777777777778,
                0.5130000000000001
            ]
        ],
        "5": [
            [
                0.6177222222222222,
                0.507
            ],
            [
                0.5734444444444444,
                0.5159999999999999
            ],
            [
                0.625388888888889,
                0.5285
            ],
            [
                0.6252222222222222,
                0.5219999999999999
            ]
        ],
        "6": [
            [
                0.5888888888888889,
                0.506
            ],
            [
                0.5651111111111111,
                0.5065
            ],
            [
                0.6030555555555556,
                0.514
            ],
            [
                0.6050555555555556,
                0.5145
            ]
        ],