{
    "mean": {
        "0": [
            [
                0.9970555555555555,
                0.9719999999999999
            ],
            [
                0.9966666666666667,
                0.97
            ],
            [
                0.9956111111111111,
                0.9739999999999999
            ],
            [
                0.9962222222222221,
                0.975
            ]
        ],
        "1": [
            [
                0.9974999999999999,
                0.9730000000000001
            ],
            [
                0.9976666666666667,
                0.9784999999999998
            ],
            [
                0.9978888888888887,
                0.974
            ],
            [
                0.9958888888888889,
                0.9685
            ]
        ],
        "2": [
            [
                0.9981111111111112,
                0.977
            ],
            [
                0.9982777777777777,
                0.9789999999999999
            ],
            [
                0.9978333333333333,
                0.9755
            ],
            [
                0.9969999999999999,
                0.977
            ]
        ],
        "3": [
            [
                0.9978888888888889,
                0.9844999999999999
            ],
            [
                0.998388888888889,
                0.9814999999999999
            ],
            [
                0.9992222222222222,
                0.9855
            ],
            [
                0.9963888888888889,
                0.977
            ]
        ],
        "4": [
            [
                0.9980555555555555,
                0.9819999999999999
            ],
            [
                0.9974999999999999,
                0.9774999999999998
            ],
            [
                0.9992777777777778,
                0.9799999999999999
            ],
            [
                0.9983333333333333,
                0.9824999999999999
            ]
        ],
        "5": [
            [
                0.9972222222222221,
                0.9804999999999999
            ],
            [
                0.9977777777777778,
                0.9794999999999998
            ],
            [
                0.9992222222222222,
                0.9765
            ],
            [
                0.9980555555555555,
                0.9824999999999999
            ]
        ],
        "6": [
            [
                0.9960555555555555,
                0.9789999999999999
            ],
            [
                0.9978333333333333,
                0.9789999999999999
            ],
            [
                0.9989444444444444,
                0.9789999999999999
            ],
            [
                0.9978333333333333,
                0.9789999999999999
            ]
        ],
        "7": [
            [
                0.9942777777777778,
                0.9724999999999999
            ],
            [
                0.9977777777777777,
                0.9780000000000001
            ],
            [
                0.9971666666666668,
                0.9725000000000001
            ],
            [
                0.9966111111111111,
                0.9744999999999999
            ]
        ],
        "8": [
            [
                0.9968888888888887,
                0.975
            ],
            [
                0.9968333333333332,
                0.9760000000000002
            ],
            [
                0.9984444444444444,
                0.975
            ],
            [
                0.9974444444444444,
                0.976
            ]
        ],
        "9": [
            [
                0.9935555555555556,
                0.9670000000000002
            ],
            [
                0.9964999999999999,
                0.974
            ],
            [
                0.9991111111111112,
                0.9775
            ],
            [
                0.9966666666666667,
                0.9734999999999999
            ]
        ],
        "10": [
            [
                0.9947222222222221,
                0.9715
            ],
            [
                0.9955555555555554,
                0.9724999999999999
            ],
            [
                0.9952777777777777,
                0.9659999999999999
            ],
            [
                0.9962777777777777,
                0.969
            ]
        ],
        "11": [
            [
                0.9959444444444443,
                0.9654999999999999
            ],
            [
                0.9926111111111112,
                0.9625
            ],
            [
                0.9969444444444443,
                0.97
            ],
            [
                0.9971666666666665,
                0.9705
            ]
        ],
        "12": [
            [
                0.9963888888888889,
                0.9625
            ],
            [
                0.9912777777777778,
                0.951
            ],
            [
                0.9958333333333333,
                0.9615
            ],
            [
                0.9956666666666665,
                0.9575000000000001
            ]
        ]
    },
    "haddamard": {
        "0": [
            [
                0.7322777777777778,
                0.6569999999999999
            ],
            [
                0.7278333333333333,
                0.6395000000000001
            ],
            [
                0.7192222222222222,
                0.643
            ],
            [
                0.7319444444444445,
                0.6455000000000001
            ]
        ],
        "1": [
            [
                0.9383333333333332,
                0.5815
            ],
            [
                0.8072777777777776,
                0.5575
            ],
            [
                0.9492222222222223,
                0.5775
            ],
            [
                0.908,
                0.575
            ]
        ],
        "2": [
            [
                0.9457222222222222,
                0.6005
            ],
            [
                0.8766666666666667,
                0.5824999999999999
            ],
            [
                0.9255555555555555,
                0.6005
            ],
            [
                0.9517777777777777,
                0.599
            ]
        ],
        "3": [
            [
                0.8985555555555557,
                0.5725
            ],
            [
                0.8658333333333333,
                0.5719999999999998
            ],
            [
                0.9476111111111111,
                0.5824999999999999
            ],
            [
                0.944611111111111,
                0.595
            ]
        ],
        "4": [
            [
                0.8902777777777777,
                0.5885
            ],
            [
                0.9347222222222223,
                0.601
            ],
            [
                0.9366666666666665,
                0.6005
            ],
            [
                0.9271666666666668,
                0.595
            ]
        ],
        "5": [
            [
                0.9417777777777777,
                0.6200000000000001
            ],
            [
                0.9384444444444446,
                0.6064999999999999
            ],
            [
                0.9277777777777778,
                0.6220000000000001
            ],
            [
                0.9261111111111111,
                0.6285000000000001
            ]
        ],