{
    "mean": {
        "0": [
            [
                0.8353159851301115,
                0.45241635687732334
            ],
            [
                0.8758983890954152,
                0.44572490706319706
            ],
            [
                0.8989880214787277,
                0.4401486988847584
            ],
            [
                0.8631350681536555,
                0.44758364312267657
            ]
        ],
        "1": [
            [
                0.930359355638166,
                0.4340148698884758
            ],
            [
                0.925278810408922,
                0.45427509293680296
            ],
            [
                0.8834985543163981,
                0.4522304832713755
            ],
            [
                0.8864931846344485,
                0.4436802973977695
            ]
        ],
        "2": [
            [
                0.9326517967781911,
                0.44776951672862453
            ],
            [
                0.9105328376703842,
                0.44182156133829
            ],
            [
                0.8225526641883519,
                0.4652416356877323
            ],
            [
                0.8815572077653864,
                0.4526022304832714
            ]
        ],
        "3": [
            [
                0.9308756712102438,
                0.4678438661710037
            ],
            [
                0.9272614622057,
                0.4773234200743494
            ],
            [
                0.8725733168112351,
                0.48159851301115236
            ],
            [
                0.9123915737298638,
                0.4672862453531598
            ]
        ],
        "4": [
            [
                0.9447335811648079,
                0.49981412639405204
            ],
            [
                0.9213754646840149,
                0.5037174721189591
            ],
            [
                0.8637546468401487,
                0.5072490706319702
            ],
            [
                0.9016522098306485,
                0.50910780669145
            ]
        ],
        "5": [
            [
                0.9508054522924411,
                0.5488847583643123
            ],
            [
                0.9277158199091285,
                0.5436802973977695
            ],
            [
                0.8986988847583645,
                0.5503717472118961
            ],
            [
                0.9471705906650143,
                0.5565055762081785
            ]
        ],
        "6": [
            [
                0.9315778603882693,
                0.5635687732342007
            ],
            [
                0.9425650557620818,
                0.56728624535316
            ],
            [
                0.8863486162742669,
                0.5730483271375466
            ],
            [
                0.9487401900041303,
                0.5697026022304833
            ]
        ],
        "7": [
            [
                0.9433292028087565,
                0.5678438661710038
            ],
            [
                0.9367203634861628,
                0.5802973977695168
            ],
            [
                0.8739157372986369,
                0.5815985130111523
            ],
            [
                0.9438248657579512,
                0.5741635687732342
            ]
        ],
        "8": [
            [
                0.9527467988434533,
                0.5758364312267659
            ],
            [
                0.9285212722015697,
                0.5817843866171004
            ],
            [
                0.8920074349442378,
                0.583457249070632
            ],
            [
                0.9563197026022305,
                0.5817843866171004
            ]
        ],
        "9": [
            [
                0.9372573316811236,
                0.5866171003717472
            ],
            [
                0.9538826931020239,
                0.5823420074349442
            ],
            [
                0.9005782734407269,
                0.5897769516728625
            ],
            [
                0.9439487814952499,
                0.5869888475836431
            ]
        ],
        "10": [
            [
                0.9481825691862868,
                0.5823420074349442
            ],
            [
                0.9502891367203634,
                0.5799256505576208
            ],
            [
                0.9078686493184633,
                0.583271375464684
            ],
            [
                0.9479553903345727,
                0.5836431226765799
            ]
        ],
        "11": [
            [
                0.9390334572490706,
                0.5719330855018587
            ],
            [
                0.9405617513424206,
                0.5765799256505577
            ],
            [
                0.9227385377942998,
                0.5708178438661711
            ],
            [
                0.9528500619578686,
                0.5719330855018587
            ]
        ],
        "12": [
            [
                0.9539239983477902,
                0.5633828996282528
            ],
            [
                0.9516315572077655,
                0.5669144981412639
            ],
            [
                0.8950640231309377,
                0.5704460966542751
            ],
            [
                0.9509913258983891,
                0.562453531598513
            ]
        ]
    },
    "haddamard": {
        "0": [
            [
                0.5472738537794299,
                0.46394052044609674
            ],
            [
                0.5582403965303594,
                0.47676579925650564
            ],
            [
                0.5826517967781909,
                0.4914498141263941
            ],
            [
                0.5830441966129698,
                0.4812267657992565
            ]
        ],
        "1": [
            [
                0.7529326724494011,
                0.47230483271375456
            ],
            [
                0.7478314745972738,
                0.47843866171003724
            ],
            [
                0.8185460553490292,
                0.4947955390334573
            ],
            [
                0.851569599339116,
                0.47546468401486985
            ]
        ],
        "2": [
            [
                0.6707558859975217,
                0.49423791821561325
            ],
            [
                0.7496902106567533,
                0.47825278810408917
            ],
            [
                0.7316604708798018,
                0.4752788104089219
            ],
            [
                0.8789549772821148,
                0.47527881040892195
            ]
        ],
        "3": [
            [
                0.7124328789756299,
                0.4977695167286245
            ],
            [
                0.8475423378769105,
                0.4977695167286245
            ],
            [
                0.8519000413052458,
                0.48717472118959104
            ],
            [
                0.756237092110698,
                0.49368029739776953
            ]
        ],
        "4": [
            [
                0.8055142503097894,
                0.49033457249070633
            ],
            [
                0.8068979760429575,
                0.4795539033457249
            ],
            [
                0.7586327963651384,
                0.48178438661710044
            ],
            [
                0.7884964890541099,
                0.49219330855018584
            ]
        ],