{
    "mean": {
        "0": [
            [
                0.9977777777777778,
                0.9774999999999998
            ],
            [
                0.9943888888888889,
                0.9800000000000001
            ],
            [
                0.993,
                0.975
            ],
            [
                0.9875555555555554,
                0.975
            ]
        ],
        "1": [
            [
                0.9865,
                0.9744999999999999
            ],
            [
                0.9957222222222221,
                0.9785
            ],
            [
                0.9836111111111112,
                0.9715
            ],
            [
                0.9862222222222222,
                0.9764999999999999
            ]
        ],
        "2": [
            [
                0.984,
                0.9744999999999999
            ],
            [
                0.993611111111111,
                0.9785
            ],
            [
                0.9892777777777779,
                0.975
            ],
            [
                0.9902777777777778,
                0.978
            ]
        ],
        "3": [
            [
                0.9917222222222222,
                0.9824999999999999
            ],
            [
                0.9974999999999999,
                0.9855
            ],
            [
                0.9970000000000001,
                0.9814999999999999
            ],
            [
                0.9926666666666668,
                0.982
            ]
        ],
        "4": [
            [
                0.9896111111111111,
                0.9835
            ],
            [
                0.9992777777777778,
                0.9924999999999999
            ],
            [
                0.9995,
                0.9944999999999998
            ],
            [
                0.9952777777777777,
                0.9899999999999999
            ]
        ],
        "5": [
            [
                0.9942222222222222,
                0.9909999999999999
            ],
            [
                0.9995,
                0.9955
            ],
            [
                0.9997222222222222,
                0.9954999999999998
            ],
            [
                0.9951666666666666,
                0.9909999999999999
            ]
        ],
        "6": [
            [
                0.9962222222222221,
                0.9934999999999998
            ],
            [
                0.9997222222222222,
                0.9979999999999999
            ],
            [
                0.9997222222222222,
                0.9959999999999999
            ],
            [
                0.9970555555555555,
                0.9955
            ]
        ],
        "7": [
            [
                0.9968888888888889,
                0.9955
            ],
            [
                0.9997222222222222,
                0.9970000000000001
            ],
            [
                0.9985555555555556,
                0.9949999999999999
            ],
            [
                0.9970000000000001,
                0.9934999999999998
            ]
        ],
        "8": [
            [
                0.9977777777777778,
                0.9964999999999999
            ],
            [
                1.0,
                0.9969999999999999
            ],
            [
                0.9988333333333334,
                0.9964999999999999
            ],
            [
                0.9996666666666666,
                0.9969999999999999
            ]
        ],
        "9": [
            [
                0.9948888888888888,
                0.993
            ],
            [
                1.0,
                0.9984999999999999
            ],
            [
                0.9985555555555555,
                0.9949999999999999
            ],
            [
                0.9995555555555555,
                0.998
            ]
        ],
        "10": [
            [
                0.9957777777777779,
                0.9934999999999998
            ],
            [
                0.9999444444444444,
                0.9970000000000001
            ],
            [
                0.9986666666666666,
                0.9960000000000001
            ],
            [
                0.9983333333333333,
                0.9969999999999999
            ]
        ],
        "11": [
            [
                0.9949999999999999,
                0.9914999999999999
            ],
            [
                0.9996666666666666,
                0.9970000000000001
            ],
            [
                0.9991111111111112,
                0.9970000000000001
            ],
            [
                1.0,
                0.9984999999999999
            ]
        ],
        "12": [
            [
                0.9961666666666666,
                0.9925
            ],
            [
                0.9997777777777778,
                0.9964999999999999
            ],
            [
                0.9989444444444444,
                0.9945
            ],
            [
                0.9995555555555556,
                0.9970000000000001
            ]
        ]
    },
    "haddamard": {
        "0": [
            [
                0.7384444444444445,
                0.6495
            ],
            [
                0.7428333333333332,
                0.6555000000000001
            ],
            [
                0.7461666666666666,
                0.6585000000000001
            ],
            [
                0.7348333333333332,
                0.6530000000000001
            ]
        ],
        "1": [
            [
                0.917222222222222,
                0.6014999999999999
            ],
            [
                0.9477777777777779,
                0.6335
            ],
            [
                0.9429444444444444,
                0.639
            ],
            [
                0.9389444444444445,
                0.6355000000000001
            ]
        ],
        "2": [
            [
                0.948722222222222,
                0.663
            ],
            [
                0.9651666666666667,
                0.6685000000000001
            ],
            [
                0.9622777777777779,
                0.673
            ],
            [
                0.9445555555555554,
                0.6695
            ]
        ],
        "3": [
            [
                0.9553333333333333,
                0.655
            ],
            [
                0.952,
                0.663
            ],
            [
                0.9644999999999999,
                0.66
            ],
            [
                0.9527222222222222,
                0.6525000000000001
            ]
        ],
        "4": [
            [
                0.9553888888888888,
                0.674
            ],
            [
                0.961611111111111,
                0.6825
            ],
            [
                0.9667777777777777,
                0.6980000000000001
            ],
            [
                0.9651111111111111,
                0.682
            ]
        ],
        "5": [
            [
                0.9647777777777777,
                0.6839999999999999
            ],
            [
                0.9154444444444445,
                0.6585
            ],
            [
                0.9643333333333333,
                0.688
            ],
            [
                0.9591666666666667,
                0.6779999999999999
            ]
        ],
        "6": [
            [
                0.9301666666666668,
                0.6775
            ],
            [
                0.9345555555555556,
                0.6835
            ],
            [
                0.9137777777777776,
                0.6649999999999999
            ],
            [
                0.9618333333333332,
                0.692
            ]
        ],