{
    "mean": {
        "0": [
            [
                0.9638333333333332,
                0.7935
            ],
            [
                0.9447777777777778,
                0.7815
            ],
            [
                0.9568888888888889,
                0.7855000000000001
            ],
            [
                0.9279444444444443,
                0.757
            ]
        ],
        "1": [
            [
                0.980388888888889,
                0.8705
            ],
            [
                0.9773333333333334,
                0.8775000000000001
            ],
            [
                0.9751111111111112,
                0.8644999999999999
            ],
            [
                0.9773888888888889,
                0.8675
            ]
        ],
        "2": [
            [
                0.9837222222222222,
                0.9005000000000001
            ],
            [
                0.9812777777777779,
                0.901
            ],
            [
                0.981722222222222,
                0.8875
            ],
            [
                0.9782222222222222,
                0.8955
            ]
        ],
        "3": [
            [
                0.9175555555555555,
                0.8115
            ],
            [
                0.9383888888888888,
                0.8515
            ],
            [
                0.9085000000000001,
                0.8154999999999999
            ],
            [
                0.7988333333333334,
                0.7205
            ]
        ],
        "4": [
            [
                0.9835555555555556,
                0.8965
            ],
            [
                0.9787777777777779,
                0.9095000000000001
            ],
            [
                0.9812777777777779,
                0.9045
            ],
            [
                0.9445,
                0.8620000000000001
            ]
        ],
        "5": [
            [
                0.9823333333333333,
                0.8844999999999998
            ],
            [
                0.9752222222222221,
                0.8815000000000002
            ],
            [
                0.9798888888888889,
                0.8860000000000001
            ],
            [
                0.9767222222222223,
                0.8724999999999999
            ]
        ],
        "6": [
            [
                0.9814444444444443,
                0.882
            ],
            [
                0.9793888888888891,
                0.8779999999999999
            ],
            [
                0.9785555555555556,
                0.873
            ],
            [
                0.9770000000000001,
                0.8765000000000001
            ]
        ],
        "7": [
            [
                0.9828888888888889,
                0.8720000000000001
            ],
            [
                0.9789999999999999,
                0.8859999999999999
            ],
            [
                0.9786666666666667,
                0.8805
            ],
            [
                0.974,
                0.8634999999999999
            ]
        ],
        "8": [
            [
                0.9784444444444444,
                0.8584999999999999
            ],
            [
                0.979111111111111,
                0.876
            ],
            [
                0.9778333333333334,
                0.8664999999999999
            ],
            [
                0.9751111111111112,
                0.8690000000000001
            ]
        ],
        "9": [
            [
                0.977111111111111,
                0.8505
            ],
            [
                0.9763888888888888,
                0.86
            ],
            [
                0.9768333333333332,
                0.8465
            ],
            [
                0.9368888888888888,
                0.8235000000000001
            ]
        ],
        "10": [
            [
                0.701,
                0.6325000000000001
            ],
            [
                0.7545555555555555,
                0.6764999999999999
            ],
            [
                0.9692777777777778,
                0.8125
            ],
            [
                0.8108888888888888,
                0.7005
            ]
        ],
        "11": [
            [
                0.633,
                0.578
            ],
            [
                0.6323333333333333,
                0.5805
            ],
            [
                0.7496111111111111,
                0.628
            ],
            [
                0.6973333333333335,
                0.6019999999999999
            ]
        ],
        "12": [
            [
                0.7126666666666667,
                0.5974999999999999
            ],
            [
                0.7074444444444444,
                0.587
            ],
            [
                0.6644444444444445,
                0.584
            ],
            [
                0.692,
                0.595
            ]
        ]
    },
    "haddamard": {
        "0": [
            [
                0.6246666666666667,
                0.5405
            ],
            [
                0.6140000000000001,
                0.529
            ],
            [
                0.6274444444444445,
                0.5489999999999999
            ],
            [
                0.6195555555555556,
                0.538
            ]
        ],
        "1": [
            [
                0.8269444444444446,
                0.527
            ],
            [
                0.6165555555555555,
                0.5045
            ],
            [
                0.7071666666666667,
                0.5050000000000001
            ],
            [
                0.7194444444444444,
                0.5005
            ]
        ],
        "2": [
            [
                0.6382222222222222,
                0.49449999999999994
            ],
            [
                0.7233888888888889,
                0.5050000000000001
            ],
            [
                0.7457222222222222,
                0.5125
            ],
            [
                0.7082777777777778,
                0.5025000000000001
            ]
        ],
        "3": [
            [
                0.8446666666666667,
                0.49300000000000005
            ],
            [
                0.8211666666666666,
                0.49750000000000005
            ],
            [
                0.7289444444444444,
                0.5305000000000001
            ],
            [
                0.8502777777777778,
                0.499
            ]
        ],
        "4": [
            [
                0.854611111111111,
                0.524
            ],
            [
                0.8154444444444444,
                0.512
            ],
            [
                0.8414999999999999,
                0.5195
            ],
            [
                0.6859444444444446,
                0.5245000000000001
            ]
        ],
        "5": [
            [
                0.7647222222222222,
                0.5075000000000001
            ],
            [
                0.6131666666666666,
                0.5145000000000001
            ],
            [
                0.7445555555555556,
                0.49400000000000005
            ],
            [
                0.6405,
                0.4959999999999999
            ]
        ],
        "6": [
            [
                0.6981666666666667,
                0.499
            ],
            [
                0.6594444444444445,
                0.505
            ],
            [
                0.8567777777777777,
                0.525
            ],
            [
                0.6851111111111112,
                0.519
            ]
        ],