{
    "mean": {
        "0": [
            [
                0.5,
                0.5
            ],
            [
                0.5,
                0.5
            ],
            [
                0.5,
                0.5
            ],
            [
                0.5,
                0.5
            ]
        ],
        "1": [
            [
                0.9872777777777777,
                0.932
            ],
            [
                0.9871666666666666,
                0.933
            ],
            [
                0.9862777777777778,
                0.93
            ],
            [
                0.9863888888888889,
                0.9250000000000002
            ]
        ],
        "2": [
            [
                0.9920555555555556,
                0.9550000000000001
            ],
            [
                0.9925555555555556,
                0.95
            ],
            [
                0.9939444444444445,
                0.9579999999999999
            ],
            [
                0.9922777777777778,
                0.9540000000000001
            ]
        ],
        "3": [
            [
                0.9973888888888889,
                0.9880000000000001
            ],
            [
                0.9980555555555556,
                0.9884999999999999
            ],
            [
                0.9969444444444443,
                0.984
            ],
            [
                0.9967222222222223,
                0.9889999999999999
            ]
        ],
        "4": [
            [
                0.9977222222222222,
                0.993
            ],
            [
                0.9984444444444444,
                0.9955
            ],
            [
                0.9986111111111111,
                0.9955
            ],
            [
                0.9983333333333333,
                0.9960000000000001
            ]
        ],
        "5": [
            [
                0.9971111111111111,
                0.9934999999999998
            ],
            [
                0.9980555555555556,
                0.9959999999999999
            ],
            [
                0.9993888888888888,
                0.999
            ],
            [
                0.9969999999999999,
                0.9955
            ]
        ],
        "6": [
            [
                0.9977222222222221,
                0.9964999999999999
            ],
            [
                0.9982777777777777,
                0.9964999999999999
            ],
            [
                0.9963333333333333,
                0.9955
            ],
            [
                0.9974444444444444,
                0.9964999999999999
            ]
        ],
        "7": [
            [
                0.9998333333333334,
                0.9984999999999999
            ],
            [
                0.9989444444444444,
                0.9960000000000001
            ],
            [
                0.9973888888888889,
                0.9949999999999999
            ],
            [
                0.9994444444444446,
                0.999
            ]
        ],
        "8": [
            [
                0.9991666666666668,
                0.9959999999999999
            ],
            [
                0.999,
                0.9964999999999999
            ],
            [
                0.9945000000000002,
                0.9904999999999999
            ],
            [
                0.9994999999999999,
                0.999
            ]
        ],
        "9": [
            [
                0.9992222222222222,
                0.9979999999999999
            ],
            [
                0.9986111111111111,
                0.9964999999999999
            ],
            [
                0.9974444444444444,
                0.9960000000000001
            ],
            [
                0.9974999999999999,
                0.9955
            ]
        ],
        "10": [
            [
                0.9998888888888888,
                0.999
            ],
            [
                0.9986666666666668,
                0.9945
            ],
            [
                0.9992777777777778,
                0.9984999999999999
            ],
            [
                0.9971666666666668,
                0.9955
            ]
        ],
        "11": [
            [
                0.9999444444444444,
                0.9974999999999999
            ],
            [
                0.9956111111111111,
                0.9924999999999999
            ],
            [
                0.9988888888888889,
                0.9964999999999998
            ],
            [
                0.9978888888888889,
                0.9964999999999999
            ]
        ],
        "12": [
            [
                0.9996666666666666,
                0.9945
            ],
            [
                0.9988333333333334,
                0.9964999999999999
            ],
            [
                0.999,
                0.9969999999999999
            ],
            [
                0.9989444444444444,
                0.9960000000000001
            ]
        ]
    },
    "haddamard": {
        "0": [
            [
                0.8287222222222222,
                0.746
            ],
            [
                0.777,
                0.6950000000000001
            ],
            [
                0.8350555555555556,
                0.751
            ],
            [
                0.7832222222222223,
                0.712
            ]
        ],
        "1": [
            [
                0.5829444444444445,
                0.5100000000000001
            ],
            [
                0.5552777777777778,
                0.508
            ],
            [
                0.5819444444444443,
                0.5040000000000001
            ],
            [
                0.5769444444444445,
                0.499
            ]
        ],
        "2": [
            [
                0.5957777777777779,
                0.5055000000000001
            ],
            [
                0.5590555555555555,
                0.513
            ],
            [
                0.5893888888888889,
                0.5085000000000001
            ],
            [
                0.5808333333333333,
                0.505
            ]
        ],
        "3": [
            [
                0.6226111111111111,
                0.509
            ],
            [
                0.5967222222222223,
                0.5209999999999999
            ],
            [
                0.6540555555555556,
                0.5225
            ],
            [
                0.6168888888888888,
                0.5119999999999999
            ]
        ],
        "4": [
            [
                0.8452777777777776,
                0.5765
            ],
            [
                0.7266111111111111,
                0.5395
            ],
            [
                0.8920555555555556,
                0.5790000000000001
            ],
            [
                0.6331666666666668,
                0.5255000000000001
            ]
        ],
        "5": [
            [
                0.8942777777777777,
                0.564
            ],
            [
                0.658,
                0.5339999999999999
            ],
            [
                0.8957777777777778,
                0.5635
            ],
            [
                0.847388888888889,
                0.57
            ]
        ],
        "6": [
            [
                0.7163333333333333,
                0.5254999999999999
            ],
            [
                0.8831111111111112,
                0.574
            ],
            [
                0.8726111111111112,
                0.577
            ],
            [
                0.9104444444444443,
                0.5864999999999999
            ]
        ],