{
    "mean": {
        "0": [
            [
                0.9892777777777779,
                0.9265000000000001
            ],
            [
                0.9891666666666667,
                0.9354999999999999
            ],
            [
                0.9844444444444443,
                0.9294999999999998
            ],
            [
                0.987611111111111,
                0.9349999999999999
            ]
        ],
        "1": [
            [
                0.989388888888889,
                0.9299999999999999
            ],
            [
                0.987111111111111,
                0.9335000000000001
            ],
            [
                0.9872222222222222,
                0.933
            ],
            [
                0.9875,
                0.9295
            ]
        ],
        "2": [
            [
                0.9916666666666666,
                0.9515
            ],
            [
                0.9906111111111112,
                0.9534999999999998
            ],
            [
                0.9907222222222224,
                0.951
            ],
            [
                0.9912222222222222,
                0.954
            ]
        ],
        "3": [
            [
                0.994,
                0.9635
            ],
            [
                0.9935,
                0.9639999999999999
            ],
            [
                0.9931666666666669,
                0.962
            ],
            [
                0.9928333333333335,
                0.9630000000000001
            ]
        ],
        "4": [
            [
                0.9954444444444442,
                0.9629999999999999
            ],
            [
                0.9938333333333332,
                0.9629999999999999
            ],
            [
                0.9937222222222223,
                0.9654999999999999
            ],
            [
                0.9948888888888888,
                0.97
            ]
        ],
        "5": [
            [
                0.9938888888888888,
                0.961
            ],
            [
                0.993,
                0.959
            ],
            [
                0.9943888888888891,
                0.9625
            ],
            [
                0.9942777777777778,
                0.9669999999999999
            ]
        ],
        "6": [
            [
                0.993222222222222,
                0.953
            ],
            [
                0.9916111111111112,
                0.9584999999999999
            ],
            [
                0.9936666666666667,
                0.9595
            ],
            [
                0.9959444444444443,
                0.9665000000000001
            ]
        ],
        "7": [
            [
                0.9912222222222222,
                0.9595
            ],
            [
                0.9921666666666669,
                0.9595
            ],
            [
                0.9919444444444444,
                0.9455
            ],
            [
                0.9941666666666669,
                0.96
            ]
        ],
        "8": [
            [
                0.994,
                0.9625
            ],
            [
                0.9933888888888888,
                0.9644999999999999
            ],
            [
                0.9949444444444445,
                0.9644999999999999
            ],
            [
                0.9959999999999999,
                0.9605
            ]
        ],
        "9": [
            [
                0.990777777777778,
                0.951
            ],
            [
                0.9927777777777779,
                0.9575000000000001
            ],
            [
                0.9940000000000001,
                0.9584999999999999
            ],
            [
                0.9944444444444445,
                0.9545000000000001
            ]
        ],
        "10": [
            [
                0.9908333333333335,
                0.9480000000000001
            ],
            [
                0.9917222222222224,
                0.9460000000000001
            ],
            [
                0.9941111111111113,
                0.9395
            ],
            [
                0.9921666666666666,
                0.9434999999999999
            ]
        ],
        "11": [
            [
                0.9890000000000001,
                0.925
            ],
            [
                0.9913333333333334,
                0.9350000000000002
            ],
            [
                0.9918333333333335,
                0.9225
            ],
            [
                0.9922222222222221,
                0.9359999999999999
            ]
        ],
        "12": [
            [
                0.9858888888888888,
                0.9085000000000001
            ],
            [
                0.9877777777777779,
                0.9135
            ],
            [
                0.9893888888888889,
                0.9015000000000001
            ],
            [
                0.9876666666666667,
                0.916
            ]
        ]
    },
    "haddamard": {
        "0": [
            [
                0.5476666666666665,
                0.511
            ],
            [
                0.5245555555555556,
                0.4995
            ],
            [
                0.549888888888889,
                0.5105000000000001
            ],
            [
                0.5744444444444443,
                0.497
            ]
        ],
        "1": [
            [
                0.590611111111111,
                0.4835
            ],
            [
                0.5831111111111111,
                0.508
            ],
            [
                0.6100555555555556,
                0.4915000000000001
            ],
            [
                0.6214999999999999,
                0.4995
            ]
        ],
        "2": [
            [
                0.6081666666666667,
                0.5155000000000001
            ],
            [
                0.5701111111111111,
                0.5055
            ],
            [
                0.6101666666666667,
                0.49350000000000005
            ],
            [
                0.6088333333333333,
                0.47800000000000004
            ]
        ],
        "3": [
            [
                0.635,
                0.48550000000000004
            ],
            [
                0.5635000000000001,
                0.5035000000000001
            ],
            [
                0.6312222222222221,
                0.5025
            ],
            [
                0.5983333333333333,
                0.49000000000000005
            ]
        ],
        "4": [
            [
                0.6156111111111111,
                0.499
            ],
            [
                0.6107777777777779,
                0.495
            ],
            [
                0.6130555555555557,
                0.5035
            ],
            [
                0.612611111111111,
                0.51
            ]
        ],
        "5": [
            [
                0.6024444444444444,
                0.49700000000000005
            ],
            [
                0.5672222222222223,
                0.502
            ],
            [
                0.5809444444444445,
                0.4875
            ],
            [
                0.5847777777777778,
                0.491
            ]
        ],
        "6": [
            [
                0.5866111111111111,
                0.49899999999999994
            ],
            [
                0.5878333333333333,
                0.49400000000000005
            ],
            [
                0.6305,
                0.5005
            ],
            [
                0.5769444444444445,
                0.5
            ]
        ],