{
    "mean": {
        "0": [
            [
                0.9991111111111112,
                0.99
            ],
            [
                0.9994444444444446,
                0.9909999999999999
            ],
            [
                0.998111111111111,
                0.9894999999999999
            ],
            [
                0.9979999999999999,
                0.9894999999999999
            ]
        ],
        "1": [
            [
                0.9984999999999999,
                0.985
            ],
            [
                0.9971666666666665,
                0.9829999999999999
            ],
            [
                0.9942222222222222,
                0.9804999999999999
            ],
            [
                0.9971111111111111,
                0.9799999999999999
            ]
        ],
        "2": [
            [
                0.9976666666666667,
                0.9804999999999999
            ],
            [
                0.9979444444444443,
                0.984
            ],
            [
                0.9944444444444445,
                0.9784999999999998
            ],
            [
                0.9966111111111111,
                0.984
            ]
        ],
        "3": [
            [
                0.9987222222222222,
                0.9864999999999998
            ],
            [
                0.9982222222222221,
                0.9889999999999999
            ],
            [
                0.9952222222222222,
                0.986
            ],
            [
                0.9974999999999999,
                0.9879999999999999
            ]
        ],
        "4": [
            [
                0.9976666666666667,
                0.9844999999999999
            ],
            [
                0.9974999999999999,
                0.9879999999999999
            ],
            [
                0.9967777777777778,
                0.9879999999999999
            ],
            [
                0.9977777777777778,
                0.9889999999999999
            ]
        ],
        "5": [
            [
                0.9984999999999999,
                0.9904999999999999
            ],
            [
                0.9968333333333332,
                0.9884999999999999
            ],
            [
                0.9976111111111111,
                0.9904999999999999
            ],
            [
                0.9967777777777777,
                0.9869999999999999
            ]
        ],
        "6": [
            [
                0.9990555555555556,
                0.9899999999999999
            ],
            [
                0.9977222222222222,
                0.9879999999999999
            ],
            [
                0.9985555555555555,
                0.991
            ],
            [
                0.9964444444444445,
                0.9875
            ]
        ],
        "7": [
            [
                0.9984999999999999,
                0.9869999999999999
            ],
            [
                0.9972222222222221,
                0.9884999999999999
            ],
            [
                0.9982222222222223,
                0.9869999999999999
            ],
            [
                0.9974444444444444,
                0.9844999999999999
            ]
        ],
        "8": [
            [
                0.9990555555555556,
                0.9874999999999998
            ],
            [
                0.9977222222222222,
                0.99
            ],
            [
                0.9974444444444444,
                0.9859999999999998
            ],
            [
                0.9965555555555554,
                0.9824999999999999
            ]
        ],
        "9": [
            [
                0.998111111111111,
                0.9869999999999999
            ],
            [
                0.9976666666666667,
                0.99
            ],
            [
                0.9978888888888889,
                0.9804999999999999
            ],
            [
                0.9986666666666666,
                0.9865
            ]
        ],
        "10": [
            [
                0.9974999999999999,
                0.9859999999999998
            ],
            [
                0.9982222222222221,
                0.9854999999999998
            ],
            [
                0.9979444444444445,
                0.983
            ],
            [
                0.9974444444444444,
                0.985
            ]
        ],
        "11": [
            [
                0.9965555555555554,
                0.9795
            ],
            [
                0.9973888888888889,
                0.9804999999999999
            ],
            [
                0.9962777777777777,
                0.9774999999999998
            ],
            [
                0.9961111111111111,
                0.9734999999999999
            ]
        ],
        "12": [
            [
                0.9943888888888889,
                0.9629999999999999
            ],
            [
                0.9950555555555557,
                0.9659999999999999
            ],
            [
                0.9919444444444444,
                0.9565000000000001
            ],
            [
                0.9933888888888888,
                0.9635
            ]
        ]
    },
    "haddamard": {
        "0": [
            [
                0.7723333333333333,
                0.6519999999999999
            ],
            [
                0.7078333333333332,
                0.615
            ],
            [
                0.8187222222222224,
                0.686
            ],
            [
                0.792111111111111,
                0.6620000000000001
            ]
        ],
        "1": [
            [
                0.6298333333333332,
                0.5395
            ],
            [
                0.5903333333333334,
                0.5175
            ],
            [
                0.618888888888889,
                0.515
            ],
            [
                0.6338888888888887,
                0.5265
            ]
        ],
        "2": [
            [
                0.5976111111111111,
                0.5145
            ],
            [
                0.6158333333333333,
                0.5355000000000001
            ],
            [
                0.6146111111111112,
                0.522
            ],
            [
                0.6453888888888889,
                0.5435000000000001
            ]
        ],
        "3": [
            [
                0.5877777777777778,
                0.518
            ],
            [
                0.5632777777777778,
                0.5065000000000001
            ],
            [
                0.5887777777777778,
                0.514
            ],
            [
                0.6106111111111111,
                0.5289999999999999
            ]
        ],
        "4": [
            [
                0.6106111111111112,
                0.5425
            ],
            [
                0.5604444444444445,
                0.517
            ],
            [
                0.5908888888888889,
                0.5315
            ],
            [
                0.6035,
                0.537
            ]
        ],
        "5": [
            [
                0.5907222222222221,
                0.5349999999999999
            ],
            [
                0.5451111111111111,
                0.51
            ],
            [
                0.5848333333333333,
                0.5149999999999999
            ],
            [
                0.5945555555555556,
                0.5325
            ]
        ],