{
    "mean": {
        "0": [
            [
                0.9909444444444444,
                0.9515
            ],
            [
                0.992888888888889,
                0.9505000000000001
            ],
            [
                0.9920000000000002,
                0.9514999999999999
            ],
            [
                0.9914444444444446,
                0.9325000000000001
            ]
        ],
        "1": [
            [
                0.9892777777777779,
                0.954
            ],
            [
                0.9931111111111111,
                0.953
            ],
            [
                0.9910555555555556,
                0.95
            ],
            [
                0.9943333333333333,
                0.95
            ]
        ],
        "2": [
            [
                0.9925,
                0.9724999999999999
            ],
            [
                0.9952777777777777,
                0.958
            ],
            [
                0.9931111111111113,
                0.9594999999999999
            ],
            [
                0.9952222222222222,
                0.962
            ]
        ],
        "3": [
            [
                0.9947222222222223,
                0.9664999999999999
            ],
            [
                0.9966666666666667,
                0.9630000000000001
            ],
            [
                0.9935,
                0.967
            ],
            [
                0.9970555555555555,
                0.9630000000000001
            ]
        ],
        "4": [
            [
                0.9961111111111111,
                0.9765
            ],
            [
                0.9957777777777777,
                0.9734999999999999
            ],
            [
                0.9931666666666666,
                0.9629999999999999
            ],
            [
                0.998388888888889,
                0.976
            ]
        ],
        "5": [
            [
                0.9961666666666666,
                0.9724999999999998
            ],
            [
                0.9955555555555555,
                0.97
            ],
            [
                0.9937222222222222,
                0.9649999999999999
            ],
            [
                0.9978888888888889,
                0.969
            ]
        ],
        "6": [
            [
                0.9973333333333333,
                0.975
            ],
            [
                0.9960555555555555,
                0.9644999999999999
            ],
            [
                0.993888888888889,
                0.9684999999999999
            ],
            [
                0.9976666666666667,
                0.9705
            ]
        ],
        "7": [
            [
                0.9958333333333332,
                0.9644999999999999
            ],
            [
                0.9955555555555554,
                0.9694999999999998
            ],
            [
                0.9928888888888888,
                0.9664999999999999
            ],
            [
                0.9978888888888887,
                0.9654999999999999
            ]
        ],
        "8": [
            [
                0.9941111111111111,
                0.961
            ],
            [
                0.9966666666666665,
                0.9709999999999999
            ],
            [
                0.9932777777777778,
                0.966
            ],
            [
                0.9983333333333333,
                0.969
            ]
        ],
        "9": [
            [
                0.9948888888888888,
                0.9644999999999999
            ],
            [
                0.9972777777777777,
                0.9715
            ],
            [
                0.9941666666666669,
                0.9720000000000001
            ],
            [
                0.9977777777777777,
                0.9755
            ]
        ],
        "10": [
            [
                0.9935555555555554,
                0.9570000000000001
            ],
            [
                0.9951666666666666,
                0.9600000000000002
            ],
            [
                0.994,
                0.9640000000000001
            ],
            [
                0.9967222222222223,
                0.9625
            ]
        ],
        "11": [
            [
                0.9918333333333333,
                0.95
            ],
            [
                0.9930555555555557,
                0.9494999999999999
            ],
            [
                0.9904999999999999,
                0.9540000000000001
            ],
            [
                0.9953888888888891,
                0.9579999999999999
            ]
        ],
        "12": [
            [
                0.9903333333333334,
                0.9395
            ],
            [
                0.9919444444444446,
                0.9455
            ],
            [
                0.9875,
                0.9410000000000001
            ],
            [
                0.9934444444444445,
                0.9375
            ]
        ]
    },
    "haddamard": {
        "0": [
            [
                0.5546666666666666,
                0.49700000000000005
            ],
            [
                0.5228888888888887,
                0.506
            ],
            [
                0.5771111111111111,
                0.5040000000000001
            ],
            [
                0.5613333333333334,
                0.49350000000000005
            ]
        ],
        "1": [
            [
                0.6013888888888889,
                0.4779999999999999
            ],
            [
                0.5528333333333333,
                0.493
            ],
            [
                0.626,
                0.5105000000000001
            ],
            [
                0.5935,
                0.4875
            ]
        ],
        "2": [
            [
                0.6003888888888889,
                0.5015
            ],
            [
                0.5660000000000001,
                0.5
            ],
            [
                0.6229444444444444,
                0.5105000000000001
            ],
            [
                0.6031111111111112,
                0.4875000000000001
            ]
        ],
        "3": [
            [
                0.6020555555555556,
                0.4885
            ],
            [
                0.563,
                0.5065000000000001
            ],
            [
                0.6219999999999999,
                0.5079999999999999
            ],
            [
                0.609888888888889,
                0.5040000000000001
            ]
        ],
        "4": [
            [
                0.6277777777777779,
                0.4995
            ],
            [
                0.6017777777777777,
                0.509
            ],
            [
                0.6050555555555557,
                0.5065
            ],
            [
                0.6142777777777778,
                0.5059999999999999
            ]
        ],
        "5": [
            [
                0.5906666666666667,
                0.503
            ],
            [
                0.5928333333333333,
                0.51
            ],
            [
                0.6334444444444445,
                0.49750000000000005
            ],
            [
                0.6138888888888889,
                0.5285
            ]
        ],
        "6": [
            [
                0.629,
                0.5055000000000001
            ],
            [
                0.5673333333333332,
                0.5125
            ],
            [
                0.6141111111111112,
                0.5205
            ],
            [
                0.6075555555555556,
                0.517
            ]
        ],