{
    "mean": {
        "0": [
            [
                0.9973333333333333,
                0.9734999999999999
            ],
            [
                0.9947222222222221,
                0.97
            ],
            [
                0.9965555555555555,
                0.9710000000000001
            ],
            [
                0.9958888888888888,
                0.9765
            ]
        ],
        "1": [
            [
                0.9914999999999999,
                0.9540000000000001
            ],
            [
                0.9890555555555556,
                0.954
            ],
            [
                0.9940555555555555,
                0.9570000000000001
            ],
            [
                0.9883333333333333,
                0.952
            ]
        ],
        "2": [
            [
                0.9934444444444445,
                0.9605
            ],
            [
                0.9892777777777779,
                0.9525
            ],
            [
                0.990388888888889,
                0.9484999999999999
            ],
            [
                0.9872222222222222,
                0.95
            ]
        ],
        "3": [
            [
                0.9914444444444446,
                0.9475
            ],
            [
                0.9840555555555556,
                0.942
            ],
            [
                0.9865555555555556,
                0.9505000000000001
            ],
            [
                0.9852222222222222,
                0.9460000000000001
            ]
        ],
        "4": [
            [
                0.989388888888889,
                0.9460000000000001
            ],
            [
                0.9867222222222223,
                0.9410000000000001
            ],
            [
                0.9857222222222223,
                0.9480000000000001
            ],
            [
                0.9903333333333334,
                0.953
            ]
        ],
        "5": [
            [
                0.9914444444444446,
                0.9569999999999999
            ],
            [
                0.9876111111111111,
                0.9434999999999999
            ],
            [
                0.9902222222222223,
                0.9605
            ],
            [
                0.9905000000000002,
                0.9545
            ]
        ],
        "6": [
            [
                0.9934444444444445,
                0.9545
            ],
            [
                0.9891111111111112,
                0.9585000000000001
            ],
            [
                0.992388888888889,
                0.9594999999999999
            ],
            [
                0.9927222222222223,
                0.9595
            ]
        ],
        "7": [
            [
                0.9896666666666667,
                0.9465
            ],
            [
                0.9870555555555555,
                0.952
            ],
            [
                0.9931111111111113,
                0.9584999999999999
            ],
            [
                0.9924444444444445,
                0.9625
            ]
        ],
        "8": [
            [
                0.9891111111111112,
                0.9415000000000001
            ],
            [
                0.9825000000000002,
                0.9434999999999999
            ],
            [
                0.9928888888888888,
                0.9549999999999998
            ],
            [
                0.9942777777777779,
                0.9545
            ]
        ],
        "9": [
            [
                0.9908888888888889,
                0.945
            ],
            [
                0.9852777777777778,
                0.938
            ],
            [
                0.9893333333333334,
                0.945
            ],
            [
                0.9907222222222222,
                0.9465
            ]
        ],
        "10": [
            [
                0.99,
                0.945
            ],
            [
                0.9837777777777778,
                0.9375
            ],
            [
                0.9915,
                0.946
            ],
            [
                0.9899444444444445,
                0.946
            ]
        ],
        "11": [
            [
                0.9913333333333332,
                0.942
            ],
            [
                0.9844444444444445,
                0.9334999999999999
            ],
            [
                0.9905555555555556,
                0.9425000000000001
            ],
            [
                0.9862222222222222,
                0.9395
            ]
        ],
        "12": [
            [
                0.9883888888888889,
                0.9339999999999999
            ],
            [
                0.9863333333333333,
                0.9324999999999999
            ],
            [
                0.9862777777777778,
                0.9334999999999999
            ],
            [
                0.9893888888888889,
                0.9365000000000002
            ]
        ]
    },
    "haddamard": {
        "0": [
            [
                0.8014444444444445,
                0.702
            ],
            [
                0.7787222222222223,
                0.6970000000000001
            ],
            [
                0.7488888888888889,
                0.6824999999999999
            ],
            [
                0.767,
                0.6895
            ]
        ],
        "1": [
            [
                0.7495555555555555,
                0.5654999999999999
            ],
            [
                0.7135,
                0.5515
            ],
            [
                0.8167222222222221,
                0.603
            ],
            [
                0.7315555555555555,
                0.5645
            ]
        ],
        "2": [
            [
                0.6323333333333333,
                0.5385000000000001
            ],
            [
                0.6743888888888888,
                0.5475
            ],
            [
                0.6174444444444445,
                0.5375
            ],
            [
                0.6386666666666667,
                0.5525
            ]
        ],
        "3": [
            [
                0.6123333333333333,
                0.5315000000000001
            ],
            [
                0.558,
                0.5095
            ],
            [
                0.6087222222222222,
                0.5309999999999999
            ],
            [
                0.6440555555555556,
                0.534
            ]
        ],
        "4": [
            [
                0.5966666666666667,
                0.5095000000000001
            ],
            [
                0.5542222222222222,
                0.515
            ],
            [
                0.5977222222222222,
                0.514
            ],
            [
                0.6059444444444444,
                0.526
            ]
        ],
        "5": [
            [
                0.5965555555555555,
                0.5325
            ],
            [
                0.5380555555555556,
                0.496
            ],
            [
                0.6023888888888889,
                0.5359999999999999
            ],
            [
                0.6047222222222222,
                0.5395
            ]
        ],
        "6": [
            [
                0.5896666666666667,
                0.5260000000000001
            ],
            [
                0.5474444444444445,
                0.5075000000000001
            ],
            [
                0.5823333333333334,
                0.5255000000000001
            ],
            [
                0.5987777777777777,
                0.5309999999999999
            ]
        ],