{
    "mean": {
        "0": [
            [
                0.9971111111111111,
                0.9719999999999999
            ],
            [
                0.9982777777777777,
                0.9734999999999999
            ],
            [
                0.9977777777777778,
                0.976
            ],
            [
                0.9975555555555555,
                0.9740000000000002
            ]
        ],
        "1": [
            [
                0.9982222222222221,
                0.9775
            ],
            [
                0.9972222222222221,
                0.9804999999999998
            ],
            [
                0.9983333333333333,
                0.9810000000000001
            ],
            [
                0.9977777777777778,
                0.9795
            ]
        ],
        "2": [
            [
                0.9980555555555556,
                0.9834999999999999
            ],
            [
                0.9974444444444444,
                0.9804999999999999
            ],
            [
                0.998111111111111,
                0.9819999999999999
            ],
            [
                0.9988333333333334,
                0.9834999999999999
            ]
        ],
        "3": [
            [
                0.9977777777777778,
                0.977
            ],
            [
                0.9983333333333333,
                0.9879999999999999
            ],
            [
                0.9984999999999999,
                0.9854999999999998
            ],
            [
                0.999388888888889,
                0.9814999999999999
            ]
        ],
        "4": [
            [
                0.9973888888888889,
                0.9785
            ],
            [
                0.9984444444444444,
                0.983
            ],
            [
                0.9976666666666667,
                0.9789999999999999
            ],
            [
                0.999611111111111,
                0.9835
            ]
        ],
        "5": [
            [
                0.998,
                0.9800000000000001
            ],
            [
                0.9977777777777778,
                0.9835
            ],
            [
                0.9972222222222221,
                0.9814999999999999
            ],
            [
                0.998111111111111,
                0.9795
            ]
        ],
        "6": [
            [
                0.9988888888888889,
                0.9834999999999999
            ],
            [
                0.9977777777777778,
                0.9845
            ],
            [
                0.9973333333333333,
                0.983
            ],
            [
                0.9986666666666666,
                0.9845
            ]
        ],
        "7": [
            [
                0.9987222222222222,
                0.9824999999999999
            ],
            [
                0.998388888888889,
                0.9835
            ],
            [
                0.9968333333333332,
                0.9804999999999999
            ],
            [
                0.9980555555555555,
                0.9810000000000001
            ]
        ],
        "8": [
            [
                0.9981111111111112,
                0.9780000000000001
            ],
            [
                0.9982777777777777,
                0.977
            ],
            [
                0.9964444444444445,
                0.9805000000000001
            ],
            [
                0.9983333333333333,
                0.9785
            ]
        ],
        "9": [
            [
                0.9965555555555555,
                0.9784999999999998
            ],
            [
                0.9972777777777777,
                0.976
            ],
            [
                0.994611111111111,
                0.9735000000000001
            ],
            [
                0.9946666666666667,
                0.975
            ]
        ],
        "10": [
            [
                0.9958888888888888,
                0.9715
            ],
            [
                0.9945555555555556,
                0.9709999999999999
            ],
            [
                0.9958888888888888,
                0.9719999999999999
            ],
            [
                0.993,
                0.9715
            ]
        ],
        "11": [
            [
                0.9942222222222222,
                0.9734999999999999
            ],
            [
                0.9942777777777778,
                0.9709999999999999
            ],
            [
                0.9938888888888888,
                0.9705000000000001
            ],
            [
                0.990388888888889,
                0.9695
            ]
        ],
        "12": [
            [
                0.9965555555555555,
                0.9684999999999999
            ],
            [
                0.9911111111111112,
                0.9625
            ],
            [
                0.9956666666666665,
                0.97
            ],
            [
                0.9953333333333333,
                0.9690000000000001
            ]
        ]
    },
    "haddamard": {
        "0": [
            [
                0.7306111111111111,
                0.6460000000000001
            ],
            [
                0.7267222222222223,
                0.631
            ],
            [
                0.7503333333333334,
                0.6485
            ],
            [
                0.7318888888888888,
                0.6395
            ]
        ],
        "1": [
            [
                0.9027777777777777,
                0.5959999999999999
            ],
            [
                0.9430555555555558,
                0.5939999999999999
            ],
            [
                0.9308333333333334,
                0.5835000000000001
            ],
            [
                0.9383888888888888,
                0.595
            ]
        ],
        "2": [
            [
                0.9445,
                0.6215
            ],
            [
                0.9033333333333333,
                0.5800000000000001
            ],
            [
                0.9326666666666666,
                0.603
            ],
            [
                0.9573888888888888,
                0.615
            ]
        ],
        "3": [
            [
                0.8780555555555555,
                0.5854999999999999
            ],
            [
                0.9154444444444445,
                0.583
            ],
            [
                0.9217222222222222,
                0.593
            ],
            [
                0.9321666666666667,
                0.6005
            ]
        ],
        "4": [
            [
                0.9365,
                0.6255
            ],
            [
                0.9255555555555555,
                0.6155
            ],
            [
                0.8976666666666666,
                0.61
            ],
            [
                0.9249444444444445,
                0.6174999999999999
            ]
        ],
        "5": [
            [
                0.8632777777777779,
                0.5895
            ],
            [
                0.8507777777777777,
                0.588
            ],
            [
                0.8357777777777778,
                0.587
            ],
            [
                0.9295,
                0.633
            ]
        ],
        "6": [
            [
                0.9368333333333332,
                0.635
            ],
            [
                0.8914444444444444,
                0.6220000000000001
            ],
            [
                0.880777777777778,
                0.6104999999999999
            ],
            [
                0.8868333333333334,
                0.6075
            ]
        ],